JoinField,JoinField_alt,George A. Cardenas,Juanita Irizarry,Total Voters
COOK:7000001,COOK:Barrington Precinct 1,81,73,154
COOK:7000002,COOK:Barrington Precinct 2,78,91,169
COOK:7000003,COOK:Barrington Precinct 3,63,47,110
COOK:7000004,COOK:Barrington Precinct 4,123,116,239
COOK:7000005,COOK:Barrington Precinct 5,44,69,113
COOK:7000006,COOK:Barrington Precinct 6,101,99,200
COOK:7000007,COOK:Barrington Precinct 7,18,31,49
COOK:7000008,COOK:Barrington Precinct 8,124,105,229
COOK:7000009,COOK:Barrington Precinct 9,60,66,126
COOK:7000010,COOK:Barrington Precinct 10,108,135,243
COOK:7000011,COOK:Barrington Precinct 11,81,64,145
COOK:9901001,COOK:Berwyn Ward 1 Precinct 1,94,79,173
COOK:9901002,COOK:Berwyn Ward 1 Precinct 2,85,82,167
COOK:9901003,COOK:Berwyn Ward 1 Precinct 3,130,124,254
COOK:9901004,COOK:Berwyn Ward 1 Precinct 4,138,190,328
COOK:9902001,COOK:Berwyn Ward 2 Precinct 1,54,61,115
COOK:9902002,COOK:Berwyn Ward 2 Precinct 2,71,86,157
COOK:9902003,COOK:Berwyn Ward 2 Precinct 3,122,113,235
COOK:9902004,COOK:Berwyn Ward 2 Precinct 4,160,163,323
COOK:9903001,COOK:Berwyn Ward 3 Precinct 1,157,190,347
COOK:9903002,COOK:Berwyn Ward 3 Precinct 2,75,76,151
COOK:9903003,COOK:Berwyn Ward 3 Precinct 3,105,139,244
COOK:9903004,COOK:Berwyn Ward 3 Precinct 4,99,115,214
COOK:9904001,COOK:Berwyn Ward 4 Precinct 1,61,51,112
COOK:9904002,COOK:Berwyn Ward 4 Precinct 2,101,95,196
COOK:9904003,COOK:Berwyn Ward 4 Precinct 3,105,116,221
COOK:9904004,COOK:Berwyn Ward 4 Precinct 4,84,66,150
COOK:9905001,COOK:Berwyn Ward 5 Precinct 1,117,124,241
COOK:9905002,COOK:Berwyn Ward 5 Precinct 2,69,92,161
COOK:9905003,COOK:Berwyn Ward 5 Precinct 3,75,55,130
COOK:9906001,COOK:Berwyn Ward 6 Precinct 1,46,48,94
COOK:9906002,COOK:Berwyn Ward 6 Precinct 2,61,53,114
COOK:9906003,COOK:Berwyn Ward 6 Precinct 3,63,73,136
COOK:9906004,COOK:Berwyn Ward 6 Precinct 4,105,89,194
COOK:9907001,COOK:Berwyn Ward 7 Precinct 1,68,64,132
COOK:9907002,COOK:Berwyn Ward 7 Precinct 2,78,72,150
COOK:9907003,COOK:Berwyn Ward 7 Precinct 3,94,102,196
COOK:9907004,COOK:Berwyn Ward 7 Precinct 4,83,83,166
COOK:9908001,COOK:Berwyn Ward 8 Precinct 1,139,137,276
COOK:9908002,COOK:Berwyn Ward 8 Precinct 2,97,103,200
COOK:9908003,COOK:Berwyn Ward 8 Precinct 3,41,60,101
COOK:9800001,COOK:Cicero Precinct 1,93,82,175
COOK:9800002,COOK:Cicero Precinct 2,37,39,76
COOK:9800003,COOK:Cicero Precinct 3,67,52,119
COOK:9800004,COOK:Cicero Precinct 4,74,61,135
COOK:9800005,COOK:Cicero Precinct 5,198,82,280
COOK:9800006,COOK:Cicero Precinct 6,100,76,176
COOK:9800007,COOK:Cicero Precinct 7,68,33,101
COOK:9800008,COOK:Cicero Precinct 8,75,46,121
COOK:9800009,COOK:Cicero Precinct 9,110,67,177
COOK:9800010,COOK:Cicero Precinct 10,134,69,203
COOK:9800011,COOK:Cicero Precinct 11,148,72,220
COOK:9800012,COOK:Cicero Precinct 12,113,82,195
COOK:9800013,COOK:Cicero Precinct 13,131,67,198
COOK:9800014,COOK:Cicero Precinct 14,118,51,169
COOK:9800015,COOK:Cicero Precinct 15,82,80,162
COOK:9800016,COOK:Cicero Precinct 16,87,32,119
COOK:9800017,COOK:Cicero Precinct 17,82,61,143
COOK:9800018,COOK:Cicero Precinct 18,67,43,110
COOK:9800019,COOK:Cicero Precinct 19,140,71,211
COOK:9800020,COOK:Cicero Precinct 20,86,39,125
COOK:9800021,COOK:Cicero Precinct 21,88,58,146
COOK:9800022,COOK:Cicero Precinct 22,129,46,175
COOK:9800023,COOK:Cicero Precinct 23,130,77,207
COOK:9800024,COOK:Cicero Precinct 24,131,69,200
COOK:9800025,COOK:Cicero Precinct 25,108,49,157
COOK:9800026,COOK:Cicero Precinct 26,103,55,158
COOK:9800027,COOK:Cicero Precinct 27,109,99,208
COOK:9800028,COOK:Cicero Precinct 28,91,64,155
COOK:9800029,COOK:Cicero Precinct 29,81,75,156
COOK:9800030,COOK:Cicero Precinct 30,118,92,210
COOK:9800031,COOK:Cicero Precinct 31,117,39,156
COOK:7400002,COOK:Elk Grove Precinct 2,49,41,90
COOK:7400003,COOK:Elk Grove Precinct 3,159,111,270
COOK:7400004,COOK:Elk Grove Precinct 4,75,61,136
COOK:7400008,COOK:Elk Grove Precinct 8,90,73,163
COOK:7400009,COOK:Elk Grove Precinct 9,78,57,135
COOK:7400012,COOK:Elk Grove Precinct 12,144,109,253
COOK:7400014,COOK:Elk Grove Precinct 14,26,26,52
COOK:7400017,COOK:Elk Grove Precinct 17,69,46,115
COOK:7400018,COOK:Elk Grove Precinct 18,110,110,220
COOK:7400020,COOK:Elk Grove Precinct 20,122,104,226
COOK:7400028,COOK:Elk Grove Precinct 28,83,104,187
COOK:7400029,COOK:Elk Grove Precinct 29,120,94,214
COOK:7400040,COOK:Elk Grove Precinct 40,71,77,148
COOK:7400043,COOK:Elk Grove Precinct 43,100,87,187
COOK:7400045,COOK:Elk Grove Precinct 45,78,73,151
COOK:7600001,COOK:Hanover Precinct 1,136,107,243
COOK:7600002,COOK:Hanover Precinct 2,69,87,156
COOK:7600003,COOK:Hanover Precinct 3,21,45,66
COOK:7600004,COOK:Hanover Precinct 4,70,79,149
COOK:7600005,COOK:Hanover Precinct 5,87,76,163
COOK:7600006,COOK:Hanover Precinct 6,62,52,114
COOK:7600007,COOK:Hanover Precinct 7,71,63,134
COOK:7600008,COOK:Hanover Precinct 8,69,73,142
COOK:7600009,COOK:Hanover Precinct 9,63,76,139
COOK:7600010,COOK:Hanover Precinct 10,40,48,88
COOK:7600011,COOK:Hanover Precinct 11,63,68,131
COOK:7600012,COOK:Hanover Precinct 12,37,44,81
COOK:7600013,COOK:Hanover Precinct 13,60,57,117
COOK:7600014,COOK:Hanover Precinct 14,116,104,220
COOK:7600015,COOK:Hanover Precinct 15,77,54,131
COOK:7600016,COOK:Hanover Precinct 16,99,79,178
COOK:7600017,COOK:Hanover Precinct 17,47,42,89
COOK:7600018,COOK:Hanover Precinct 18,56,54,110
COOK:7600019,COOK:Hanover Precinct 19,58,64,122
COOK:7600020,COOK:Hanover Precinct 20,104,80,184
COOK:7600021,COOK:Hanover Precinct 21,75,76,151
COOK:7600022,COOK:Hanover Precinct 22,60,72,132
COOK:7600023,COOK:Hanover Precinct 23,77,69,146
COOK:7600024,COOK:Hanover Precinct 24,65,61,126
COOK:7600025,COOK:Hanover Precinct 25,130,94,224
COOK:7600026,COOK:Hanover Precinct 26,82,68,150
COOK:7600027,COOK:Hanover Precinct 27,292,278,570
COOK:7600028,COOK:Hanover Precinct 28,117,125,242
COOK:7600029,COOK:Hanover Precinct 29,42,46,88
COOK:7600030,COOK:Hanover Precinct 30,52,73,125
COOK:7600031,COOK:Hanover Precinct 31,45,58,103
COOK:7600032,COOK:Hanover Precinct 32,50,65,115
COOK:7600033,COOK:Hanover Precinct 33,78,77,155
COOK:7600034,COOK:Hanover Precinct 34,62,102,164
COOK:7600035,COOK:Hanover Precinct 35,77,67,144
COOK:7600036,COOK:Hanover Precinct 36,58,61,119
COOK:7600037,COOK:Hanover Precinct 37,113,111,224
COOK:7600038,COOK:Hanover Precinct 38,81,74,155
COOK:7600039,COOK:Hanover Precinct 39,76,96,172
COOK:7600040,COOK:Hanover Precinct 40,88,90,178
COOK:7600041,COOK:Hanover Precinct 41,131,119,250
COOK:7600042,COOK:Hanover Precinct 42,74,87,161
COOK:7600043,COOK:Hanover Precinct 43,71,66,137
COOK:7800003,COOK:Leyden Precinct 3,84,84,168
COOK:7800004,COOK:Leyden Precinct 4,13,20,33
COOK:7800009,COOK:Leyden Precinct 9,97,73,170
COOK:7800010,COOK:Leyden Precinct 10,78,72,150
COOK:7800011,COOK:Leyden Precinct 11,50,64,114
COOK:7800013,COOK:Leyden Precinct 13,57,58,115
COOK:7800014,COOK:Leyden Precinct 14,41,46,87
COOK:7800015,COOK:Leyden Precinct 15,74,85,159
COOK:7800016,COOK:Leyden Precinct 16,65,77,142
COOK:7800020,COOK:Leyden Precinct 20,26,29,55
COOK:7800021,COOK:Leyden Precinct 21,35,36,71
COOK:7800022,COOK:Leyden Precinct 22,55,58,113
COOK:7800024,COOK:Leyden Precinct 24,63,48,111
COOK:7800026,COOK:Leyden Precinct 26,110,129,239
COOK:7800029,COOK:Leyden Precinct 29,45,23,68
COOK:7800030,COOK:Leyden Precinct 30,62,61,123
COOK:7800031,COOK:Leyden Precinct 31,77,69,146
COOK:7800033,COOK:Leyden Precinct 33,72,58,130
COOK:7800035,COOK:Leyden Precinct 35,26,28,54
COOK:7800040,COOK:Leyden Precinct 40,59,61,120
COOK:7800041,COOK:Leyden Precinct 41,40,23,63
COOK:7800043,COOK:Leyden Precinct 43,72,48,120
COOK:7800047,COOK:Leyden Precinct 47,57,46,103
COOK:7800048,COOK:Leyden Precinct 48,70,47,117
COOK:7900001,COOK:Lyons Precinct 1,18,11,29
COOK:7900002,COOK:Lyons Precinct 2,116,142,258
COOK:7900003,COOK:Lyons Precinct 3,66,45,111
COOK:7900004,COOK:Lyons Precinct 4,57,30,87
COOK:7900005,COOK:Lyons Precinct 5,108,88,196
COOK:7900006,COOK:Lyons Precinct 6,115,117,232
COOK:7900007,COOK:Lyons Precinct 7,134,174,308
COOK:7900008,COOK:Lyons Precinct 8,106,58,164
COOK:7900009,COOK:Lyons Precinct 9,127,120,247
COOK:7900010,COOK:Lyons Precinct 10,95,95,190
COOK:7900011,COOK:Lyons Precinct 11,84,84,168
COOK:7900012,COOK:Lyons Precinct 12,60,72,132
COOK:7900013,COOK:Lyons Precinct 13,53,43,96
COOK:7900014,COOK:Lyons Precinct 14,114,122,236
COOK:7900015,COOK:Lyons Precinct 15,103,109,212
COOK:7900016,COOK:Lyons Precinct 16,178,170,348
COOK:7900017,COOK:Lyons Precinct 17,78,73,151
COOK:7900018,COOK:Lyons Precinct 18,72,90,162
COOK:7900019,COOK:Lyons Precinct 19,81,51,132
COOK:7900020,COOK:Lyons Precinct 20,133,118,251
COOK:7900021,COOK:Lyons Precinct 21,120,129,249
COOK:7900022,COOK:Lyons Precinct 22,73,44,117
COOK:7900023,COOK:Lyons Precinct 23,89,75,164
COOK:7900024,COOK:Lyons Precinct 24,144,119,263
COOK:7900025,COOK:Lyons Precinct 25,85,60,145
COOK:7900026,COOK:Lyons Precinct 26,98,114,212
COOK:7900027,COOK:Lyons Precinct 27,77,42,119
COOK:7900028,COOK:Lyons Precinct 28,118,98,216
COOK:7900029,COOK:Lyons Precinct 29,69,34,103
COOK:7900030,COOK:Lyons Precinct 30,16,7,23
COOK:7900031,COOK:Lyons Precinct 31,75,79,154
COOK:7900032,COOK:Lyons Precinct 32,34,22,56
COOK:7900033,COOK:Lyons Precinct 33,31,12,43
COOK:7900034,COOK:Lyons Precinct 34,38,22,60
COOK:7900035,COOK:Lyons Precinct 35,43,42,85
COOK:7900036,COOK:Lyons Precinct 36,88,80,168
COOK:7900037,COOK:Lyons Precinct 37,73,42,115
COOK:7900038,COOK:Lyons Precinct 38,32,20,52
COOK:7900039,COOK:Lyons Precinct 39,105,82,187
COOK:7900040,COOK:Lyons Precinct 40,135,114,249
COOK:7900041,COOK:Lyons Precinct 41,47,36,83
COOK:7900042,COOK:Lyons Precinct 42,80,58,138
COOK:7900043,COOK:Lyons Precinct 43,73,75,148
COOK:7900044,COOK:Lyons Precinct 44,135,103,238
COOK:7900045,COOK:Lyons Precinct 45,143,175,318
COOK:7900046,COOK:Lyons Precinct 46,38,50,88
COOK:7900047,COOK:Lyons Precinct 47,101,106,207
COOK:7900048,COOK:Lyons Precinct 48,82,52,134
COOK:7900049,COOK:Lyons Precinct 49,40,50,90
COOK:7900050,COOK:Lyons Precinct 50,95,88,183
COOK:7900051,COOK:Lyons Precinct 51,62,45,107
COOK:7900052,COOK:Lyons Precinct 52,103,88,191
COOK:7900053,COOK:Lyons Precinct 53,80,55,135
COOK:7900054,COOK:Lyons Precinct 54,60,54,114
COOK:7900055,COOK:Lyons Precinct 55,65,63,128
COOK:7900056,COOK:Lyons Precinct 56,90,88,178
COOK:7900057,COOK:Lyons Precinct 57,82,67,149
COOK:7900058,COOK:Lyons Precinct 58,47,33,80
COOK:7900059,COOK:Lyons Precinct 59,63,48,111
COOK:7900060,COOK:Lyons Precinct 60,104,69,173
COOK:7900061,COOK:Lyons Precinct 61,100,79,179
COOK:7900062,COOK:Lyons Precinct 62,72,47,119
COOK:7900063,COOK:Lyons Precinct 63,95,69,164
COOK:7900064,COOK:Lyons Precinct 64,81,54,135
COOK:7900065,COOK:Lyons Precinct 65,105,55,160
COOK:7900066,COOK:Lyons Precinct 66,26,26,52
COOK:7900067,COOK:Lyons Precinct 67,88,51,139
COOK:7900068,COOK:Lyons Precinct 68,52,47,99
COOK:7900069,COOK:Lyons Precinct 69,125,91,216
COOK:8700001,COOK:Palatine Precinct 1,86,54,140
COOK:8700002,COOK:Palatine Precinct 2,115,120,235
COOK:8700003,COOK:Palatine Precinct 3,47,50,97
COOK:8700004,COOK:Palatine Precinct 4,46,36,82
COOK:8700005,COOK:Palatine Precinct 5,113,124,237
COOK:8700006,COOK:Palatine Precinct 6,129,87,216
COOK:8700007,COOK:Palatine Precinct 7,53,57,110
COOK:8700008,COOK:Palatine Precinct 8,120,102,222
COOK:8700009,COOK:Palatine Precinct 9,69,74,143
COOK:8700010,COOK:Palatine Precinct 10,71,65,136
COOK:8700011,COOK:Palatine Precinct 11,47,60,107
COOK:8700012,COOK:Palatine Precinct 12,90,66,156
COOK:8700013,COOK:Palatine Precinct 13,71,59,130
COOK:8700014,COOK:Palatine Precinct 14,91,67,158
COOK:8700015,COOK:Palatine Precinct 15,103,84,187
COOK:8700016,COOK:Palatine Precinct 16,43,40,83
COOK:8700017,COOK:Palatine Precinct 17,114,83,197
COOK:8700018,COOK:Palatine Precinct 18,130,116,246
COOK:8700019,COOK:Palatine Precinct 19,94,79,173
COOK:8700020,COOK:Palatine Precinct 20,36,37,73
COOK:8700021,COOK:Palatine Precinct 21,115,97,212
COOK:8700022,COOK:Palatine Precinct 22,83,73,156
COOK:8700023,COOK:Palatine Precinct 23,46,32,78
COOK:8700024,COOK:Palatine Precinct 24,95,99,194
COOK:8700025,COOK:Palatine Precinct 25,111,82,193
COOK:8700026,COOK:Palatine Precinct 26,117,93,210
COOK:8700027,COOK:Palatine Precinct 27,118,99,217
COOK:8700028,COOK:Palatine Precinct 28,57,49,106
COOK:8700029,COOK:Palatine Precinct 29,129,80,209
COOK:8700030,COOK:Palatine Precinct 30,70,51,121
COOK:8700031,COOK:Palatine Precinct 31,64,58,122
COOK:8700032,COOK:Palatine Precinct 32,68,69,137
COOK:8700033,COOK:Palatine Precinct 33,29,39,68
COOK:8700034,COOK:Palatine Precinct 34,94,79,173
COOK:8700035,COOK:Palatine Precinct 35,109,91,200
COOK:8700036,COOK:Palatine Precinct 36,75,84,159
COOK:8700037,COOK:Palatine Precinct 37,98,84,182
COOK:8700038,COOK:Palatine Precinct 38,121,107,228
COOK:8700039,COOK:Palatine Precinct 39,104,95,199
COOK:8700040,COOK:Palatine Precinct 40,116,87,203
COOK:8700041,COOK:Palatine Precinct 41,109,94,203
COOK:8700042,COOK:Palatine Precinct 42,129,107,236
COOK:8700043,COOK:Palatine Precinct 43,78,64,142
COOK:8700044,COOK:Palatine Precinct 44,86,47,133
COOK:8700045,COOK:Palatine Precinct 45,85,60,145
COOK:8700046,COOK:Palatine Precinct 46,113,81,194
COOK:8700047,COOK:Palatine Precinct 47,104,83,187
COOK:8700048,COOK:Palatine Precinct 48,86,60,146
COOK:8700049,COOK:Palatine Precinct 49,55,30,85
COOK:8700050,COOK:Palatine Precinct 50,115,91,206
COOK:8700051,COOK:Palatine Precinct 51,44,36,80
COOK:8700052,COOK:Palatine Precinct 52,77,68,145
COOK:8700053,COOK:Palatine Precinct 53,75,62,137
COOK:8700054,COOK:Palatine Precinct 54,130,112,242
COOK:8700055,COOK:Palatine Precinct 55,127,83,210
COOK:8700056,COOK:Palatine Precinct 56,86,74,160
COOK:8700057,COOK:Palatine Precinct 57,128,118,246
COOK:8700058,COOK:Palatine Precinct 58,79,62,141
COOK:8700059,COOK:Palatine Precinct 59,129,126,255
COOK:8700060,COOK:Palatine Precinct 60,80,67,147
COOK:8700061,COOK:Palatine Precinct 61,52,30,82
COOK:8700062,COOK:Palatine Precinct 62,80,88,168
COOK:8700063,COOK:Palatine Precinct 63,84,84,168
COOK:8700064,COOK:Palatine Precinct 64,61,58,119
COOK:8700065,COOK:Palatine Precinct 65,85,88,173
COOK:8800002,COOK:Palos Precinct 2,48,36,84
COOK:8800003,COOK:Palos Precinct 3,80,42,122
COOK:8800004,COOK:Palos Precinct 4,56,37,93
COOK:8800005,COOK:Palos Precinct 5,42,46,88
COOK:8800006,COOK:Palos Precinct 6,23,13,36
COOK:8800007,COOK:Palos Precinct 7,75,65,140
COOK:8800008,COOK:Palos Precinct 8,99,59,158
COOK:8800009,COOK:Palos Precinct 9,123,67,190
COOK:8800010,COOK:Palos Precinct 10,90,71,161
COOK:8800012,COOK:Palos Precinct 12,66,44,110
COOK:8800014,COOK:Palos Precinct 14,59,43,102
COOK:8800017,COOK:Palos Precinct 17,98,38,136
COOK:8800018,COOK:Palos Precinct 18,90,54,144
COOK:8800019,COOK:Palos Precinct 19,88,68,156
COOK:8800020,COOK:Palos Precinct 20,77,67,144
COOK:8800021,COOK:Palos Precinct 21,52,38,90
COOK:8800022,COOK:Palos Precinct 22,19,28,47
COOK:8800023,COOK:Palos Precinct 23,48,53,101
COOK:8800024,COOK:Palos Precinct 24,117,63,180
COOK:8800025,COOK:Palos Precinct 25,71,73,144
COOK:8800026,COOK:Palos Precinct 26,43,25,68
COOK:8800027,COOK:Palos Precinct 27,90,67,157
COOK:8800028,COOK:Palos Precinct 28,36,33,69
COOK:8800029,COOK:Palos Precinct 29,72,59,131
COOK:8800030,COOK:Palos Precinct 30,108,63,171
COOK:8800031,COOK:Palos Precinct 31,67,60,127
COOK:8800032,COOK:Palos Precinct 32,32,28,60
COOK:8800033,COOK:Palos Precinct 33,80,67,147
COOK:8800034,COOK:Palos Precinct 34,47,29,76
COOK:8800035,COOK:Palos Precinct 35,103,86,189
COOK:8900003,COOK:Proviso Precinct 3,140,98,238
COOK:8900005,COOK:Proviso Precinct 5,102,116,218
COOK:8900006,COOK:Proviso Precinct 6,138,117,255
COOK:8900007,COOK:Proviso Precinct 7,38,35,73
COOK:8900010,COOK:Proviso Precinct 10,55,41,96
COOK:8900011,COOK:Proviso Precinct 11,68,52,120
COOK:8900012,COOK:Proviso Precinct 12,114,70,184
COOK:8900013,COOK:Proviso Precinct 13,79,89,168
COOK:8900014,COOK:Proviso Precinct 14,43,40,83
COOK:8900015,COOK:Proviso Precinct 15,80,30,110
COOK:8900016,COOK:Proviso Precinct 16,86,78,164
COOK:8900017,COOK:Proviso Precinct 17,262,73,335
COOK:8900021,COOK:Proviso Precinct 21,122,131,253
COOK:8900023,COOK:Proviso Precinct 23,147,119,266
COOK:8900024,COOK:Proviso Precinct 24,159,135,294
COOK:8900025,COOK:Proviso Precinct 25,138,113,251
COOK:8900026,COOK:Proviso Precinct 26,112,143,255
COOK:8900027,COOK:Proviso Precinct 27,110,120,230
COOK:8900028,COOK:Proviso Precinct 28,134,94,228
COOK:8900029,COOK:Proviso Precinct 29,142,157,299
COOK:8900030,COOK:Proviso Precinct 30,104,81,185
COOK:8900032,COOK:Proviso Precinct 32,163,206,369
COOK:8900035,COOK:Proviso Precinct 35,158,111,269
COOK:8900039,COOK:Proviso Precinct 39,100,59,159
COOK:8900042,COOK:Proviso Precinct 42,134,118,252
COOK:8900046,COOK:Proviso Precinct 46,26,23,49
COOK:8900049,COOK:Proviso Precinct 49,86,66,152
COOK:8900050,COOK:Proviso Precinct 50,176,145,321
COOK:8900051,COOK:Proviso Precinct 51,120,100,220
COOK:8900054,COOK:Proviso Precinct 54,127,75,202
COOK:8900055,COOK:Proviso Precinct 55,157,86,243
COOK:8900057,COOK:Proviso Precinct 57,100,73,173
COOK:8900059,COOK:Proviso Precinct 59,94,56,150
COOK:8900060,COOK:Proviso Precinct 60,82,71,153
COOK:8900063,COOK:Proviso Precinct 63,144,146,290
COOK:8900069,COOK:Proviso Precinct 69,94,59,153
COOK:8900070,COOK:Proviso Precinct 70,126,76,202
COOK:8900071,COOK:Proviso Precinct 71,203,123,326
COOK:8900074,COOK:Proviso Precinct 74,136,110,246
COOK:8900075,COOK:Proviso Precinct 75,112,115,227
COOK:8900077,COOK:Proviso Precinct 77,92,54,146
COOK:8900078,COOK:Proviso Precinct 78,83,91,174
COOK:8900080,COOK:Proviso Precinct 80,61,48,109
COOK:8900081,COOK:Proviso Precinct 81,66,42,108
COOK:8900084,COOK:Proviso Precinct 84,98,55,153
COOK:8900085,COOK:Proviso Precinct 85,148,108,256
COOK:8900087,COOK:Proviso Precinct 87,138,54,192
COOK:8900088,COOK:Proviso Precinct 88,161,165,326
COOK:8900089,COOK:Proviso Precinct 89,66,75,141
COOK:9200001,COOK:Riverside Precinct 1,97,105,202
COOK:9200002,COOK:Riverside Precinct 2,10,3,13
COOK:9200003,COOK:Riverside Precinct 3,74,89,163
COOK:9200004,COOK:Riverside Precinct 4,118,159,277
COOK:9200005,COOK:Riverside Precinct 5,65,75,140
COOK:9200006,COOK:Riverside Precinct 6,127,155,282
COOK:9200007,COOK:Riverside Precinct 7,54,73,127
COOK:9200008,COOK:Riverside Precinct 8,125,148,273
COOK:9200009,COOK:Riverside Precinct 9,91,108,199
COOK:9200010,COOK:Riverside Precinct 10,114,157,271
COOK:9200011,COOK:Riverside Precinct 11,106,135,241
COOK:9200012,COOK:Riverside Precinct 12,93,121,214
COOK:9300001,COOK:Schaumburg Precinct 1,161,122,283
COOK:9300002,COOK:Schaumburg Precinct 2,92,106,198
COOK:9300003,COOK:Schaumburg Precinct 3,146,95,241
COOK:9300004,COOK:Schaumburg Precinct 4,55,47,102
COOK:9300005,COOK:Schaumburg Precinct 5,95,55,150
COOK:9300006,COOK:Schaumburg Precinct 6,138,88,226
COOK:9300007,COOK:Schaumburg Precinct 7,60,51,111
COOK:9300008,COOK:Schaumburg Precinct 8,70,53,123
COOK:9300009,COOK:Schaumburg Precinct 9,78,74,152
COOK:9300010,COOK:Schaumburg Precinct 10,55,34,89
COOK:9300011,COOK:Schaumburg Precinct 11,76,57,133
COOK:9300012,COOK:Schaumburg Precinct 12,96,78,174
COOK:9300013,COOK:Schaumburg Precinct 13,83,68,151
COOK:9300014,COOK:Schaumburg Precinct 14,146,106,252
COOK:9300015,COOK:Schaumburg Precinct 15,86,72,158
COOK:9300016,COOK:Schaumburg Precinct 16,66,71,137
COOK:9300017,COOK:Schaumburg Precinct 17,122,85,207
COOK:9300018,COOK:Schaumburg Precinct 18,121,105,226
COOK:9300019,COOK:Schaumburg Precinct 19,85,61,146
COOK:9300020,COOK:Schaumburg Precinct 20,144,109,253
COOK:9300021,COOK:Schaumburg Precinct 21,128,106,234
COOK:9300022,COOK:Schaumburg Precinct 22,91,91,182
COOK:9300023,COOK:Schaumburg Precinct 23,95,76,171
COOK:9300024,COOK:Schaumburg Precinct 24,83,97,180
COOK:9300025,COOK:Schaumburg Precinct 25,69,83,152
COOK:9300026,COOK:Schaumburg Precinct 26,88,72,160
COOK:9300027,COOK:Schaumburg Precinct 27,88,94,182
COOK:9300028,COOK:Schaumburg Precinct 28,116,85,201
COOK:9300029,COOK:Schaumburg Precinct 29,124,79,203
COOK:9300030,COOK:Schaumburg Precinct 30,101,75,176
COOK:9300031,COOK:Schaumburg Precinct 31,144,110,254
COOK:9300032,COOK:Schaumburg Precinct 32,131,91,222
COOK:9300033,COOK:Schaumburg Precinct 33,158,106,264
COOK:9300034,COOK:Schaumburg Precinct 34,92,78,170
COOK:9300035,COOK:Schaumburg Precinct 35,86,65,151
COOK:9300036,COOK:Schaumburg Precinct 36,164,123,287
COOK:9300037,COOK:Schaumburg Precinct 37,74,54,128
COOK:9300038,COOK:Schaumburg Precinct 38,124,119,243
COOK:9300039,COOK:Schaumburg Precinct 39,162,107,269
COOK:9300040,COOK:Schaumburg Precinct 40,83,70,153
COOK:9300041,COOK:Schaumburg Precinct 41,120,95,215
COOK:9300042,COOK:Schaumburg Precinct 42,72,113,185
COOK:9300043,COOK:Schaumburg Precinct 43,68,99,167
COOK:9300044,COOK:Schaumburg Precinct 44,100,99,199
COOK:9300045,COOK:Schaumburg Precinct 45,90,45,135
COOK:9300046,COOK:Schaumburg Precinct 46,67,52,119
COOK:9300047,COOK:Schaumburg Precinct 47,93,55,148
COOK:9300048,COOK:Schaumburg Precinct 48,69,51,120
COOK:9300049,COOK:Schaumburg Precinct 49,50,46,96
COOK:9300050,COOK:Schaumburg Precinct 50,54,65,119
COOK:9300051,COOK:Schaumburg Precinct 51,67,87,154
COOK:9300052,COOK:Schaumburg Precinct 52,102,98,200
COOK:9300053,COOK:Schaumburg Precinct 53,95,77,172
COOK:9300054,COOK:Schaumburg Precinct 54,75,65,140
COOK:9300055,COOK:Schaumburg Precinct 55,144,115,259
COOK:9300056,COOK:Schaumburg Precinct 56,95,82,177
COOK:9300057,COOK:Schaumburg Precinct 57,93,70,163
COOK:9300058,COOK:Schaumburg Precinct 58,41,46,87
COOK:9300059,COOK:Schaumburg Precinct 59,103,84,187
COOK:9300060,COOK:Schaumburg Precinct 60,97,70,167
COOK:9300061,COOK:Schaumburg Precinct 61,134,103,237
COOK:9300062,COOK:Schaumburg Precinct 62,96,100,196
COOK:9300063,COOK:Schaumburg Precinct 63,109,101,210
COOK:9300064,COOK:Schaumburg Precinct 64,83,46,129
COOK:9300065,COOK:Schaumburg Precinct 65,95,47,142
COOK:9300066,COOK:Schaumburg Precinct 66,125,106,231
COOK:9300067,COOK:Schaumburg Precinct 67,110,113,223
COOK:9300068,COOK:Schaumburg Precinct 68,83,76,159
COOK:9300069,COOK:Schaumburg Precinct 69,60,50,110
COOK:9400001,COOK:Stickney Precinct 1,33,33,66
COOK:9400002,COOK:Stickney Precinct 2,61,54,115
COOK:9400003,COOK:Stickney Precinct 3,91,94,185
COOK:9400004,COOK:Stickney Precinct 4,64,54,118
COOK:9400005,COOK:Stickney Precinct 5,79,70,149
COOK:9400006,COOK:Stickney Precinct 6,97,70,167
COOK:9400007,COOK:Stickney Precinct 7,48,30,78
COOK:9400008,COOK:Stickney Precinct 8,58,46,104
COOK:9400009,COOK:Stickney Precinct 9,55,49,104
COOK:9400010,COOK:Stickney Precinct 10,78,64,142
COOK:9400011,COOK:Stickney Precinct 11,69,55,124
COOK:7200057,COOK:Stickney Precinct 12,67,46,113
COOK:9400013,COOK:Stickney Precinct 13,56,41,97
COOK:9400014,COOK:Stickney Precinct 14,85,71,156
COOK:9400015,COOK:Stickney Precinct 15,90,72,162
COOK:9400016,COOK:Stickney Precinct 16,98,62,160
COOK:9400017,COOK:Stickney Precinct 17,44,57,101
COOK:9400018,COOK:Stickney Precinct 18,29,20,49
COOK:9400019,COOK:Stickney Precinct 19,46,56,102
COOK:9400020,COOK:Stickney Precinct 20,43,42,85
COOK:9600002,COOK:Wheeling Precinct 2,136,131,267
COOK:9600003,COOK:Wheeling Precinct 3,78,75,153
COOK:9600004,COOK:Wheeling Precinct 4,143,112,255
COOK:9600005,COOK:Wheeling Precinct 5,77,99,176
COOK:9600006,COOK:Wheeling Precinct 6,59,48,107
COOK:9600007,COOK:Wheeling Precinct 7,115,133,248
COOK:9600008,COOK:Wheeling Precinct 8,126,107,233
COOK:9600009,COOK:Wheeling Precinct 9,42,49,91
COOK:9600010,COOK:Wheeling Precinct 10,97,115,212
COOK:9600013,COOK:Wheeling Precinct 13,111,99,210
COOK:9600014,COOK:Wheeling Precinct 14,57,75,132
COOK:9600015,COOK:Wheeling Precinct 15,80,77,157
COOK:9600017,COOK:Wheeling Precinct 17,54,64,118
COOK:9600018,COOK:Wheeling Precinct 18,78,84,162
COOK:9600019,COOK:Wheeling Precinct 19,126,118,244
COOK:9600020,COOK:Wheeling Precinct 20,111,98,209
COOK:9600021,COOK:Wheeling Precinct 21,120,111,231
COOK:9600022,COOK:Wheeling Precinct 22,94,99,193
COOK:9600023,COOK:Wheeling Precinct 23,77,57,134
COOK:9600024,COOK:Wheeling Precinct 24,150,115,265
COOK:9600025,COOK:Wheeling Precinct 25,94,122,216
COOK:9600026,COOK:Wheeling Precinct 26,126,103,229
COOK:9600027,COOK:Wheeling Precinct 27,128,133,261
COOK:9600028,COOK:Wheeling Precinct 28,114,118,232
COOK:9600029,COOK:Wheeling Precinct 29,44,44,88
COOK:9600030,COOK:Wheeling Precinct 30,116,104,220
COOK:9600031,COOK:Wheeling Precinct 31,132,156,288
COOK:9600033,COOK:Wheeling Precinct 33,72,62,134
COOK:9600034,COOK:Wheeling Precinct 34,150,113,263
COOK:9600035,COOK:Wheeling Precinct 35,84,62,146
COOK:9600036,COOK:Wheeling Precinct 36,127,107,234
COOK:9600037,COOK:Wheeling Precinct 37,74,83,157
COOK:9600038,COOK:Wheeling Precinct 38,103,95,198
COOK:9600039,COOK:Wheeling Precinct 39,93,93,186
COOK:9600040,COOK:Wheeling Precinct 40,128,129,257
COOK:9600041,COOK:Wheeling Precinct 41,145,122,267
COOK:9600042,COOK:Wheeling Precinct 42,102,85,187
COOK:9600044,COOK:Wheeling Precinct 44,112,72,184
COOK:9600045,COOK:Wheeling Precinct 45,68,91,159
COOK:9600046,COOK:Wheeling Precinct 46,151,93,244
COOK:9600047,COOK:Wheeling Precinct 47,70,82,152
COOK:9600048,COOK:Wheeling Precinct 48,75,57,132
COOK:9600050,COOK:Wheeling Precinct 50,54,64,118
COOK:9600051,COOK:Wheeling Precinct 51,102,77,179
COOK:9600052,COOK:Wheeling Precinct 52,178,140,318
COOK:9600053,COOK:Wheeling Precinct 53,91,88,179
COOK:9600054,COOK:Wheeling Precinct 54,90,79,169
COOK:9600055,COOK:Wheeling Precinct 55,91,89,180
COOK:9600057,COOK:Wheeling Precinct 57,120,130,250
COOK:9600058,COOK:Wheeling Precinct 58,83,65,148
COOK:9600059,COOK:Wheeling Precinct 59,93,89,182
COOK:9600060,COOK:Wheeling Precinct 60,104,109,213
COOK:9600061,COOK:Wheeling Precinct 61,109,107,216
COOK:9600062,COOK:Wheeling Precinct 62,91,91,182
COOK:9600063,COOK:Wheeling Precinct 63,44,52,96
COOK:9600064,COOK:Wheeling Precinct 64,97,106,203
COOK:9600066,COOK:Wheeling Precinct 66,111,103,214
COOK:9600068,COOK:Wheeling Precinct 68,75,83,158
COOK:9600070,COOK:Wheeling Precinct 70,143,121,264
COOK:9600071,COOK:Wheeling Precinct 71,122,123,245
COOK:9600072,COOK:Wheeling Precinct 72,73,55,128
COOK:9600073,COOK:Wheeling Precinct 73,88,77,165
COOK:9600074,COOK:Wheeling Precinct 74,100,89,189
COOK:9600078,COOK:Wheeling Precinct 78,127,129,256
COOK:9600079,COOK:Wheeling Precinct 79,73,65,138
COOK:9600081,COOK:Wheeling Precinct 81,92,61,153
COOK:9700001,COOK:Worth Precinct 1,32,29,61
COOK:9700002,COOK:Worth Precinct 2,95,57,152
COOK:9700003,COOK:Worth Precinct 3,90,70,160
COOK:9700004,COOK:Worth Precinct 4,108,68,176
COOK:9700005,COOK:Worth Precinct 5,173,93,266
COOK:9700006,COOK:Worth Precinct 6,67,58,125
COOK:9700007,COOK:Worth Precinct 7,160,96,256
COOK:9700010,COOK:Worth Precinct 10,146,118,264
COOK:9700011,COOK:Worth Precinct 11,94,65,159
COOK:9700013,COOK:Worth Precinct 13,152,69,221
COOK:9700018,COOK:Worth Precinct 18,84,54,138
COOK:9700021,COOK:Worth Precinct 21,106,83,189
COOK:9700022,COOK:Worth Precinct 22,75,41,116
COOK:9700025,COOK:Worth Precinct 25,95,72,167
COOK:9700026,COOK:Worth Precinct 26,62,66,128
COOK:9700027,COOK:Worth Precinct 27,63,72,135
COOK:9700028,COOK:Worth Precinct 28,66,46,112
COOK:9700029,COOK:Worth Precinct 29,105,69,174
COOK:9700030,COOK:Worth Precinct 30,123,89,212
COOK:9700031,COOK:Worth Precinct 31,144,100,244
COOK:9700032,COOK:Worth Precinct 32,215,77,292
COOK:9700033,COOK:Worth Precinct 33,79,62,141
COOK:9700035,COOK:Worth Precinct 35,126,105,231
COOK:9700036,COOK:Worth Precinct 36,107,78,185
COOK:9700037,COOK:Worth Precinct 37,219,143,362
COOK:9700038,COOK:Worth Precinct 38,115,98,213
COOK:9700039,COOK:Worth Precinct 39,111,65,176
COOK:9700040,COOK:Worth Precinct 40,108,83,191
COOK:9700041,COOK:Worth Precinct 41,156,110,266
COOK:9700045,COOK:Worth Precinct 45,174,145,319
COOK:9700046,COOK:Worth Precinct 46,100,83,183
COOK:9700047,COOK:Worth Precinct 47,80,58,138
COOK:9700048,COOK:Worth Precinct 48,68,44,112
COOK:9700049,COOK:Worth Precinct 49,105,53,158
COOK:9700051,COOK:Worth Precinct 51,36,32,68
COOK:9700052,COOK:Worth Precinct 52,198,115,313
COOK:9700053,COOK:Worth Precinct 53,114,108,222
COOK:9700054,COOK:Worth Precinct 54,136,61,197
COOK:9700056,COOK:Worth Precinct 56,146,95,241
COOK:9700057,COOK:Worth Precinct 57,147,77,224
COOK:9700058,COOK:Worth Precinct 58,119,113,232
COOK:9700060,COOK:Worth Precinct 60,48,36,84
COOK:9700061,COOK:Worth Precinct 61,68,45,113
COOK:9700062,COOK:Worth Precinct 62,173,99,272
COOK:9700063,COOK:Worth Precinct 63,134,114,248
COOK:9700065,COOK:Worth Precinct 65,127,69,196
COOK:9700066,COOK:Worth Precinct 66,83,80,163
COOK:9700067,COOK:Worth Precinct 67,73,74,147
COOK:9700069,COOK:Worth Precinct 69,130,118,248
COOK:9700071,COOK:Worth Precinct 71,48,39,87
COOK:9700072,COOK:Worth Precinct 72,98,57,155
COOK:9700074,COOK:Worth Precinct 74,130,88,218
COOK:9700075,COOK:Worth Precinct 75,102,78,180
COOK:9700078,COOK:Worth Precinct 78,96,68,164
COOK:9700079,COOK:Worth Precinct 79,95,62,157
COOK:9700080,COOK:Worth Precinct 80,106,102,208
COOK:9700081,COOK:Worth Precinct 81,27,23,50
COOK:9700082,COOK:Worth Precinct 82,110,67,177
,COOK:Suburban Cook County,54406,46055,100461
