JoinField,JoinField_alt,JB Pritzker & Christian Mitchell,Total Voters
COOK:7000001,COOK:Barrington Precinct 1,188,188
COOK:7000002,COOK:Barrington Precinct 2,195,195
COOK:7000003,COOK:Barrington Precinct 3,132,132
COOK:7000004,COOK:Barrington Precinct 4,293,293
COOK:7000005,COOK:Barrington Precinct 5,131,131
COOK:7000006,COOK:Barrington Precinct 6,224,224
COOK:7000007,COOK:Barrington Precinct 7,52,52
COOK:7000008,COOK:Barrington Precinct 8,285,285
COOK:7000009,COOK:Barrington Precinct 9,147,147
COOK:7000010,COOK:Barrington Precinct 10,261,261
COOK:7000011,COOK:Barrington Precinct 11,168,168
COOK:9901001,COOK:Berwyn Ward 1 Precinct 1,168,168
COOK:9901002,COOK:Berwyn Ward 1 Precinct 2,169,169
COOK:9901003,COOK:Berwyn Ward 1 Precinct 3,255,255
COOK:9901004,COOK:Berwyn Ward 1 Precinct 4,350,350
COOK:9902001,COOK:Berwyn Ward 2 Precinct 1,116,116
COOK:9902002,COOK:Berwyn Ward 2 Precinct 2,157,157
COOK:9902003,COOK:Berwyn Ward 2 Precinct 3,241,241
COOK:9902004,COOK:Berwyn Ward 2 Precinct 4,343,343
COOK:9903001,COOK:Berwyn Ward 3 Precinct 1,355,355
COOK:9903002,COOK:Berwyn Ward 3 Precinct 2,149,149
COOK:9903003,COOK:Berwyn Ward 3 Precinct 3,258,258
COOK:9903004,COOK:Berwyn Ward 3 Precinct 4,218,218
COOK:9904001,COOK:Berwyn Ward 4 Precinct 1,110,110
COOK:9904002,COOK:Berwyn Ward 4 Precinct 2,196,196
COOK:9904003,COOK:Berwyn Ward 4 Precinct 3,212,212
COOK:9904004,COOK:Berwyn Ward 4 Precinct 4,152,152
COOK:9905001,COOK:Berwyn Ward 5 Precinct 1,251,251
COOK:9905002,COOK:Berwyn Ward 5 Precinct 2,175,175
COOK:9905003,COOK:Berwyn Ward 5 Precinct 3,135,135
COOK:9906001,COOK:Berwyn Ward 6 Precinct 1,98,98
COOK:9906002,COOK:Berwyn Ward 6 Precinct 2,108,108
COOK:9906003,COOK:Berwyn Ward 6 Precinct 3,136,136
COOK:9906004,COOK:Berwyn Ward 6 Precinct 4,197,197
COOK:9907001,COOK:Berwyn Ward 7 Precinct 1,136,136
COOK:9907002,COOK:Berwyn Ward 7 Precinct 2,157,157
COOK:9907003,COOK:Berwyn Ward 7 Precinct 3,199,199
COOK:9907004,COOK:Berwyn Ward 7 Precinct 4,179,179
COOK:9908001,COOK:Berwyn Ward 8 Precinct 1,289,289
COOK:9908002,COOK:Berwyn Ward 8 Precinct 2,209,209
COOK:9908003,COOK:Berwyn Ward 8 Precinct 3,110,110
COOK:7100001,COOK:Bloom Precinct 1,334,334
COOK:7100002,COOK:Bloom Precinct 2,259,259
COOK:7100003,COOK:Bloom Precinct 3,102,102
COOK:7100004,COOK:Bloom Precinct 4,141,141
COOK:7100005,COOK:Bloom Precinct 5,282,282
COOK:7100006,COOK:Bloom Precinct 6,49,49
COOK:7100007,COOK:Bloom Precinct 7,211,211
COOK:7100008,COOK:Bloom Precinct 8,115,115
COOK:7100009,COOK:Bloom Precinct 9,123,123
COOK:7100010,COOK:Bloom Precinct 10,55,55
COOK:7100011,COOK:Bloom Precinct 11,82,82
COOK:7100012,COOK:Bloom Precinct 12,220,220
COOK:7100013,COOK:Bloom Precinct 13,378,378
COOK:7100014,COOK:Bloom Precinct 14,249,249
COOK:7100015,COOK:Bloom Precinct 15,122,122
COOK:7100016,COOK:Bloom Precinct 16,258,258
COOK:7100017,COOK:Bloom Precinct 17,176,176
COOK:7100018,COOK:Bloom Precinct 18,137,137
COOK:7100019,COOK:Bloom Precinct 19,265,265
COOK:7100020,COOK:Bloom Precinct 20,191,191
COOK:7100021,COOK:Bloom Precinct 21,29,29
COOK:7100022,COOK:Bloom Precinct 22,98,98
COOK:7100023,COOK:Bloom Precinct 23,170,170
COOK:7100024,COOK:Bloom Precinct 24,285,285
COOK:7100025,COOK:Bloom Precinct 25,118,118
COOK:7100026,COOK:Bloom Precinct 26,161,161
COOK:7100027,COOK:Bloom Precinct 27,173,173
COOK:7100028,COOK:Bloom Precinct 28,152,152
COOK:7100029,COOK:Bloom Precinct 29,70,70
COOK:7100030,COOK:Bloom Precinct 30,280,280
COOK:7100031,COOK:Bloom Precinct 31,250,250
COOK:7100032,COOK:Bloom Precinct 32,165,165
COOK:7100033,COOK:Bloom Precinct 33,215,215
COOK:7100034,COOK:Bloom Precinct 34,348,348
COOK:7100035,COOK:Bloom Precinct 35,70,70
COOK:7100036,COOK:Bloom Precinct 36,309,309
COOK:7100037,COOK:Bloom Precinct 37,148,148
COOK:7100038,COOK:Bloom Precinct 38,648,648
COOK:7100039,COOK:Bloom Precinct 39,120,120
COOK:7100040,COOK:Bloom Precinct 40,476,476
COOK:7100041,COOK:Bloom Precinct 41,312,312
COOK:7100042,COOK:Bloom Precinct 42,326,326
COOK:7100043,COOK:Bloom Precinct 43,257,257
COOK:7100044,COOK:Bloom Precinct 44,227,227
COOK:7100045,COOK:Bloom Precinct 45,330,330
COOK:7100046,COOK:Bloom Precinct 46,92,92
COOK:7100047,COOK:Bloom Precinct 47,244,244
COOK:7100048,COOK:Bloom Precinct 48,180,180
COOK:7100049,COOK:Bloom Precinct 49,436,436
COOK:7100050,COOK:Bloom Precinct 50,255,255
COOK:7100051,COOK:Bloom Precinct 51,84,84
COOK:7100052,COOK:Bloom Precinct 52,135,135
COOK:7100053,COOK:Bloom Precinct 53,72,72
COOK:7100054,COOK:Bloom Precinct 54,130,130
COOK:7200001,COOK:Bremen Precinct 1,216,216
COOK:7200002,COOK:Bremen Precinct 2,226,226
COOK:7200003,COOK:Bremen Precinct 3,192,192
COOK:7200004,COOK:Bremen Precinct 4,162,162
COOK:7200005,COOK:Bremen Precinct 5,104,104
COOK:7200006,COOK:Bremen Precinct 6,152,152
COOK:7200007,COOK:Bremen Precinct 7,127,127
COOK:7200008,COOK:Bremen Precinct 8,143,143
COOK:7200009,COOK:Bremen Precinct 9,193,193
COOK:7200010,COOK:Bremen Precinct 10,150,150
COOK:7200011,COOK:Bremen Precinct 11,177,177
COOK:7200012,COOK:Bremen Precinct 12,298,298
COOK:7200013,COOK:Bremen Precinct 13,149,149
COOK:7200014,COOK:Bremen Precinct 14,113,113
COOK:7200015,COOK:Bremen Precinct 15,176,176
COOK:7200016,COOK:Bremen Precinct 16,125,125
COOK:7200017,COOK:Bremen Precinct 17,187,187
COOK:7200018,COOK:Bremen Precinct 18,157,157
COOK:7200019,COOK:Bremen Precinct 19,208,208
COOK:7200020,COOK:Bremen Precinct 20,162,162
COOK:7200021,COOK:Bremen Precinct 21,156,156
COOK:7200022,COOK:Bremen Precinct 22,86,86
COOK:7200023,COOK:Bremen Precinct 23,49,49
COOK:7200024,COOK:Bremen Precinct 24,93,93
COOK:7200025,COOK:Bremen Precinct 25,149,149
COOK:7200026,COOK:Bremen Precinct 26,281,281
COOK:7200027,COOK:Bremen Precinct 27,163,163
COOK:7200028,COOK:Bremen Precinct 28,64,64
COOK:7200029,COOK:Bremen Precinct 29,308,308
COOK:7200030,COOK:Bremen Precinct 30,130,130
COOK:7200031,COOK:Bremen Precinct 31,183,183
COOK:7200032,COOK:Bremen Precinct 32,302,302
COOK:7200033,COOK:Bremen Precinct 33,142,142
COOK:7200034,COOK:Bremen Precinct 34,170,170
COOK:7200035,COOK:Bremen Precinct 35,228,228
COOK:7200036,COOK:Bremen Precinct 36,291,291
COOK:7200037,COOK:Bremen Precinct 37,173,173
COOK:7200038,COOK:Bremen Precinct 38,199,199
COOK:7200039,COOK:Bremen Precinct 39,111,111
COOK:7200040,COOK:Bremen Precinct 40,358,358
COOK:7200041,COOK:Bremen Precinct 41,130,130
COOK:7200042,COOK:Bremen Precinct 42,140,140
COOK:7200043,COOK:Bremen Precinct 43,132,132
COOK:7200044,COOK:Bremen Precinct 44,198,198
COOK:7200045,COOK:Bremen Precinct 45,73,73
COOK:7200046,COOK:Bremen Precinct 46,366,366
COOK:7200047,COOK:Bremen Precinct 47,163,163
COOK:7200048,COOK:Bremen Precinct 48,153,153
COOK:7200049,COOK:Bremen Precinct 49,211,211
COOK:7200050,COOK:Bremen Precinct 50,206,206
COOK:7200051,COOK:Bremen Precinct 51,136,136
COOK:7200052,COOK:Bremen Precinct 52,141,141
COOK:7200053,COOK:Bremen Precinct 53,74,74
COOK:7200054,COOK:Bremen Precinct 54,104,104
COOK:7200055,COOK:Bremen Precinct 55,114,114
COOK:7200056,COOK:Bremen Precinct 56,193,193
COOK:9400012,COOK:Bremen Precinct 57,143,143
COOK:7200058,COOK:Bremen Precinct 58,143,143
COOK:7200059,COOK:Bremen Precinct 59,115,115
COOK:7200060,COOK:Bremen Precinct 60,114,114
COOK:7200061,COOK:Bremen Precinct 61,89,89
COOK:7200062,COOK:Bremen Precinct 62,110,110
COOK:7200063,COOK:Bremen Precinct 63,237,237
COOK:7200064,COOK:Bremen Precinct 64,185,185
COOK:7200065,COOK:Bremen Precinct 65,141,141
COOK:7200066,COOK:Bremen Precinct 66,372,372
COOK:7300001,COOK:Calumet Precinct 1,155,155
COOK:7300002,COOK:Calumet Precinct 2,127,127
COOK:7300003,COOK:Calumet Precinct 3,190,190
COOK:7300004,COOK:Calumet Precinct 4,123,123
COOK:7300005,COOK:Calumet Precinct 5,271,271
COOK:7300006,COOK:Calumet Precinct 6,224,224
COOK:7300007,COOK:Calumet Precinct 7,192,192
COOK:7300008,COOK:Calumet Precinct 8,94,94
COOK:7300009,COOK:Calumet Precinct 9,237,237
COOK:7300010,COOK:Calumet Precinct 10,238,238
COOK:7300011,COOK:Calumet Precinct 11,345,345
COOK:9800001,COOK:Cicero Precinct 1,162,162
COOK:9800002,COOK:Cicero Precinct 2,76,76
COOK:9800003,COOK:Cicero Precinct 3,119,119
COOK:9800004,COOK:Cicero Precinct 4,133,133
COOK:9800005,COOK:Cicero Precinct 5,241,241
COOK:9800006,COOK:Cicero Precinct 6,163,163
COOK:9800007,COOK:Cicero Precinct 7,99,99
COOK:9800008,COOK:Cicero Precinct 8,112,112
COOK:9800009,COOK:Cicero Precinct 9,170,170
COOK:9800010,COOK:Cicero Precinct 10,201,201
COOK:9800011,COOK:Cicero Precinct 11,209,209
COOK:9800012,COOK:Cicero Precinct 12,182,182
COOK:9800013,COOK:Cicero Precinct 13,187,187
COOK:9800014,COOK:Cicero Precinct 14,176,176
COOK:9800015,COOK:Cicero Precinct 15,164,164
COOK:9800016,COOK:Cicero Precinct 16,111,111
COOK:9800017,COOK:Cicero Precinct 17,141,141
COOK:9800018,COOK:Cicero Precinct 18,112,112
COOK:9800019,COOK:Cicero Precinct 19,200,200
COOK:9800020,COOK:Cicero Precinct 20,119,119
COOK:9800021,COOK:Cicero Precinct 21,147,147
COOK:9800022,COOK:Cicero Precinct 22,160,160
COOK:9800023,COOK:Cicero Precinct 23,193,193
COOK:9800024,COOK:Cicero Precinct 24,200,200
COOK:9800025,COOK:Cicero Precinct 25,144,144
COOK:9800026,COOK:Cicero Precinct 26,136,136
COOK:9800027,COOK:Cicero Precinct 27,197,197
COOK:9800028,COOK:Cicero Precinct 28,162,162
COOK:9800029,COOK:Cicero Precinct 29,152,152
COOK:9800030,COOK:Cicero Precinct 30,198,198
COOK:9800031,COOK:Cicero Precinct 31,150,150
COOK:7400001,COOK:Elk Grove Precinct 1,205,205
COOK:7400002,COOK:Elk Grove Precinct 2,92,92
COOK:7400003,COOK:Elk Grove Precinct 3,301,301
COOK:7400004,COOK:Elk Grove Precinct 4,152,152
COOK:7400005,COOK:Elk Grove Precinct 5,281,281
COOK:7400006,COOK:Elk Grove Precinct 6,269,269
COOK:7400007,COOK:Elk Grove Precinct 7,254,254
COOK:7400008,COOK:Elk Grove Precinct 8,179,179
COOK:7400009,COOK:Elk Grove Precinct 9,156,156
COOK:7400010,COOK:Elk Grove Precinct 10,264,264
COOK:7400011,COOK:Elk Grove Precinct 11,189,189
COOK:7400012,COOK:Elk Grove Precinct 12,281,281
COOK:7400013,COOK:Elk Grove Precinct 13,84,84
COOK:7400014,COOK:Elk Grove Precinct 14,221,221
COOK:7400015,COOK:Elk Grove Precinct 15,199,199
COOK:7400016,COOK:Elk Grove Precinct 16,207,207
COOK:7400017,COOK:Elk Grove Precinct 17,125,125
COOK:7400018,COOK:Elk Grove Precinct 18,235,235
COOK:7400019,COOK:Elk Grove Precinct 19,213,213
COOK:7400020,COOK:Elk Grove Precinct 20,242,242
COOK:7400021,COOK:Elk Grove Precinct 21,141,141
COOK:7400022,COOK:Elk Grove Precinct 22,157,157
COOK:7400023,COOK:Elk Grove Precinct 23,270,270
COOK:7400024,COOK:Elk Grove Precinct 24,128,128
COOK:7400025,COOK:Elk Grove Precinct 25,135,135
COOK:7400026,COOK:Elk Grove Precinct 26,123,123
COOK:7400027,COOK:Elk Grove Precinct 27,191,191
COOK:7400028,COOK:Elk Grove Precinct 28,199,199
COOK:7400029,COOK:Elk Grove Precinct 29,233,233
COOK:7400030,COOK:Elk Grove Precinct 30,155,155
COOK:7400031,COOK:Elk Grove Precinct 31,153,153
COOK:7400032,COOK:Elk Grove Precinct 32,71,71
COOK:7400033,COOK:Elk Grove Precinct 33,222,222
COOK:7400034,COOK:Elk Grove Precinct 34,338,338
COOK:7400035,COOK:Elk Grove Precinct 35,112,112
COOK:7400036,COOK:Elk Grove Precinct 36,94,94
COOK:7400037,COOK:Elk Grove Precinct 37,170,170
COOK:7400038,COOK:Elk Grove Precinct 38,76,76
COOK:7400039,COOK:Elk Grove Precinct 39,196,196
COOK:7400040,COOK:Elk Grove Precinct 40,171,171
COOK:7400041,COOK:Elk Grove Precinct 41,184,184
COOK:7400042,COOK:Elk Grove Precinct 42,117,117
COOK:7400043,COOK:Elk Grove Precinct 43,201,201
COOK:7400044,COOK:Elk Grove Precinct 44,92,92
COOK:7400045,COOK:Elk Grove Precinct 45,155,155
COOK:7501001,COOK:Evanston Ward 1 Precinct 1,162,162
COOK:7501002,COOK:Evanston Ward 1 Precinct 2,378,378
COOK:7501003,COOK:Evanston Ward 1 Precinct 3,346,346
COOK:7501004,COOK:Evanston Ward 1 Precinct 4,682,682
COOK:7502001,COOK:Evanston Ward 2 Precinct 1,729,729
COOK:7502002,COOK:Evanston Ward 2 Precinct 2,312,312
COOK:7502003,COOK:Evanston Ward 2 Precinct 3,320,320
COOK:7502004,COOK:Evanston Ward 2 Precinct 4,530,530
COOK:7502005,COOK:Evanston Ward 2 Precinct 5,190,190
COOK:7503001,COOK:Evanston Ward 3 Precinct 1,440,440
COOK:7503002,COOK:Evanston Ward 3 Precinct 2,528,528
COOK:7503003,COOK:Evanston Ward 3 Precinct 3,605,605
COOK:7503004,COOK:Evanston Ward 3 Precinct 4,653,653
COOK:7503005,COOK:Evanston Ward 3 Precinct 5,442,442
COOK:7504001,COOK:Evanston Ward 4 Precinct 1,241,241
COOK:7504002,COOK:Evanston Ward 4 Precinct 2,321,321
COOK:7504003,COOK:Evanston Ward 4 Precinct 3,232,232
COOK:7504004,COOK:Evanston Ward 4 Precinct 4,721,721
COOK:7504005,COOK:Evanston Ward 4 Precinct 5,228,228
COOK:7504006,COOK:Evanston Ward 4 Precinct 6,519,519
COOK:7504007,COOK:Evanston Ward 4 Precinct 7,200,200
COOK:7505001,COOK:Evanston Ward 5 Precinct 1,345,345
COOK:7505002,COOK:Evanston Ward 5 Precinct 2,416,416
COOK:7505003,COOK:Evanston Ward 5 Precinct 3,361,361
COOK:7506001,COOK:Evanston Ward 6 Precinct 1,666,666
COOK:7506002,COOK:Evanston Ward 6 Precinct 2,398,398
COOK:7506003,COOK:Evanston Ward 6 Precinct 3,368,368
COOK:7506004,COOK:Evanston Ward 6 Precinct 4,712,712
COOK:7506005,COOK:Evanston Ward 6 Precinct 5,588,588
COOK:7506006,COOK:Evanston Ward 6 Precinct 6,623,623
COOK:7507001,COOK:Evanston Ward 7 Precinct 1,655,655
COOK:7507002,COOK:Evanston Ward 7 Precinct 2,702,702
COOK:7507003,COOK:Evanston Ward 7 Precinct 3,21,21
COOK:7507004,COOK:Evanston Ward 7 Precinct 4,437,437
COOK:7507005,COOK:Evanston Ward 7 Precinct 5,590,590
COOK:7508001,COOK:Evanston Ward 8 Precinct 1,389,389
COOK:7508002,COOK:Evanston Ward 8 Precinct 2,276,276
COOK:7508003,COOK:Evanston Ward 8 Precinct 3,202,202
COOK:7508004,COOK:Evanston Ward 8 Precinct 4,414,414
COOK:7508005,COOK:Evanston Ward 8 Precinct 5,407,407
COOK:7509001,COOK:Evanston Ward 9 Precinct 1,303,303
COOK:7509002,COOK:Evanston Ward 9 Precinct 2,831,831
COOK:7509003,COOK:Evanston Ward 9 Precinct 3,609,609
COOK:7509004,COOK:Evanston Ward 9 Precinct 4,651,651
COOK:7509005,COOK:Evanston Ward 9 Precinct 5,328,328
COOK:7600001,COOK:Hanover Precinct 1,280,280
COOK:7600002,COOK:Hanover Precinct 2,170,170
COOK:7600003,COOK:Hanover Precinct 3,68,68
COOK:7600004,COOK:Hanover Precinct 4,157,157
COOK:7600005,COOK:Hanover Precinct 5,173,173
COOK:7600006,COOK:Hanover Precinct 6,117,117
COOK:7600007,COOK:Hanover Precinct 7,136,136
COOK:7600008,COOK:Hanover Precinct 8,160,160
COOK:7600009,COOK:Hanover Precinct 9,154,154
COOK:7600010,COOK:Hanover Precinct 10,98,98
COOK:7600011,COOK:Hanover Precinct 11,133,133
COOK:7600012,COOK:Hanover Precinct 12,89,89
COOK:7600013,COOK:Hanover Precinct 13,120,120
COOK:7600014,COOK:Hanover Precinct 14,227,227
COOK:7600015,COOK:Hanover Precinct 15,138,138
COOK:7600016,COOK:Hanover Precinct 16,184,184
COOK:7600017,COOK:Hanover Precinct 17,98,98
COOK:7600018,COOK:Hanover Precinct 18,112,112
COOK:7600019,COOK:Hanover Precinct 19,155,155
COOK:7600020,COOK:Hanover Precinct 20,198,198
COOK:7600021,COOK:Hanover Precinct 21,175,175
COOK:7600022,COOK:Hanover Precinct 22,145,145
COOK:7600023,COOK:Hanover Precinct 23,157,157
COOK:7600024,COOK:Hanover Precinct 24,127,127
COOK:7600025,COOK:Hanover Precinct 25,249,249
COOK:7600026,COOK:Hanover Precinct 26,157,157
COOK:7600027,COOK:Hanover Precinct 27,648,648
COOK:7600028,COOK:Hanover Precinct 28,255,255
COOK:7600029,COOK:Hanover Precinct 29,98,98
COOK:7600030,COOK:Hanover Precinct 30,141,141
COOK:7600031,COOK:Hanover Precinct 31,108,108
COOK:7600032,COOK:Hanover Precinct 32,123,123
COOK:7600033,COOK:Hanover Precinct 33,168,168
COOK:7600034,COOK:Hanover Precinct 34,182,182
COOK:7600035,COOK:Hanover Precinct 35,163,163
COOK:7600036,COOK:Hanover Precinct 36,125,125
COOK:7600037,COOK:Hanover Precinct 37,242,242
COOK:7600038,COOK:Hanover Precinct 38,170,170
COOK:7600039,COOK:Hanover Precinct 39,178,178
COOK:7600040,COOK:Hanover Precinct 40,189,189
COOK:7600041,COOK:Hanover Precinct 41,281,281
COOK:7600042,COOK:Hanover Precinct 42,185,185
COOK:7600043,COOK:Hanover Precinct 43,153,153
COOK:7700001,COOK:Lemont Precinct 1,124,124
COOK:7700002,COOK:Lemont Precinct 2,110,110
COOK:7700003,COOK:Lemont Precinct 3,145,145
COOK:7700004,COOK:Lemont Precinct 4,109,109
COOK:7700005,COOK:Lemont Precinct 5,124,124
COOK:7700006,COOK:Lemont Precinct 6,151,151
COOK:7700007,COOK:Lemont Precinct 7,114,114
COOK:7700008,COOK:Lemont Precinct 8,177,177
COOK:7700009,COOK:Lemont Precinct 9,63,63
COOK:7700010,COOK:Lemont Precinct 10,117,117
COOK:7700011,COOK:Lemont Precinct 11,171,171
COOK:7700012,COOK:Lemont Precinct 12,157,157
COOK:7700013,COOK:Lemont Precinct 13,151,151
COOK:7700014,COOK:Lemont Precinct 14,109,109
COOK:7800001,COOK:Leyden Precinct 1,76,76
COOK:7800002,COOK:Leyden Precinct 2,75,75
COOK:7800003,COOK:Leyden Precinct 3,181,181
COOK:7800004,COOK:Leyden Precinct 4,125,125
COOK:7800005,COOK:Leyden Precinct 5,126,126
COOK:7800006,COOK:Leyden Precinct 6,168,168
COOK:7800007,COOK:Leyden Precinct 7,65,65
COOK:7800008,COOK:Leyden Precinct 8,155,155
COOK:7800009,COOK:Leyden Precinct 9,184,184
COOK:7800010,COOK:Leyden Precinct 10,156,156
COOK:7800011,COOK:Leyden Precinct 11,119,119
COOK:7800012,COOK:Leyden Precinct 12,50,50
COOK:7800013,COOK:Leyden Precinct 13,120,120
COOK:7800014,COOK:Leyden Precinct 14,100,100
COOK:7800015,COOK:Leyden Precinct 15,173,173
COOK:7800016,COOK:Leyden Precinct 16,142,142
COOK:7800017,COOK:Leyden Precinct 17,86,86
COOK:7800018,COOK:Leyden Precinct 18,81,81
COOK:7800019,COOK:Leyden Precinct 19,151,151
COOK:7800020,COOK:Leyden Precinct 20,56,56
COOK:7800021,COOK:Leyden Precinct 21,72,72
COOK:7800022,COOK:Leyden Precinct 22,118,118
COOK:7800023,COOK:Leyden Precinct 23,240,240
COOK:7800024,COOK:Leyden Precinct 24,120,120
COOK:7800025,COOK:Leyden Precinct 25,76,76
COOK:7800026,COOK:Leyden Precinct 26,244,244
COOK:7800027,COOK:Leyden Precinct 27,25,25
COOK:7800028,COOK:Leyden Precinct 28,66,66
COOK:7800029,COOK:Leyden Precinct 29,71,71
COOK:7800030,COOK:Leyden Precinct 30,126,126
COOK:7800031,COOK:Leyden Precinct 31,145,145
COOK:7800032,COOK:Leyden Precinct 32,139,139
COOK:7800033,COOK:Leyden Precinct 33,136,136
COOK:7800034,COOK:Leyden Precinct 34,96,96
COOK:7800035,COOK:Leyden Precinct 35,59,59
COOK:7800036,COOK:Leyden Precinct 36,132,132
COOK:7800037,COOK:Leyden Precinct 37,78,78
COOK:7800038,COOK:Leyden Precinct 38,45,45
COOK:7800039,COOK:Leyden Precinct 39,91,91
COOK:7800040,COOK:Leyden Precinct 40,126,126
COOK:7800041,COOK:Leyden Precinct 41,65,65
COOK:7800042,COOK:Leyden Precinct 42,119,119
COOK:7800043,COOK:Leyden Precinct 43,129,129
COOK:7800044,COOK:Leyden Precinct 44,84,84
COOK:7800045,COOK:Leyden Precinct 45,74,74
COOK:7800046,COOK:Leyden Precinct 46,129,129
COOK:7800047,COOK:Leyden Precinct 47,108,108
COOK:7800048,COOK:Leyden Precinct 48,119,119
COOK:7800049,COOK:Leyden Precinct 49,179,179
COOK:7800050,COOK:Leyden Precinct 50,216,216
COOK:7900001,COOK:Lyons Precinct 1,29,29
COOK:7900002,COOK:Lyons Precinct 2,265,265
COOK:7900003,COOK:Lyons Precinct 3,105,105
COOK:7900004,COOK:Lyons Precinct 4,87,87
COOK:7900005,COOK:Lyons Precinct 5,211,211
COOK:7900006,COOK:Lyons Precinct 6,234,234
COOK:7900007,COOK:Lyons Precinct 7,336,336
COOK:7900008,COOK:Lyons Precinct 8,170,170
COOK:7900009,COOK:Lyons Precinct 9,284,284
COOK:7900010,COOK:Lyons Precinct 10,192,192
COOK:7900011,COOK:Lyons Precinct 11,186,186
COOK:7900012,COOK:Lyons Precinct 12,144,144
COOK:7900013,COOK:Lyons Precinct 13,110,110
COOK:7900014,COOK:Lyons Precinct 14,263,263
COOK:7900015,COOK:Lyons Precinct 15,234,234
COOK:7900016,COOK:Lyons Precinct 16,386,386
COOK:7900017,COOK:Lyons Precinct 17,140,140
COOK:7900018,COOK:Lyons Precinct 18,170,170
COOK:7900019,COOK:Lyons Precinct 19,134,134
COOK:7900020,COOK:Lyons Precinct 20,273,273
COOK:7900021,COOK:Lyons Precinct 21,281,281
COOK:7900022,COOK:Lyons Precinct 22,121,121
COOK:7900023,COOK:Lyons Precinct 23,170,170
COOK:7900024,COOK:Lyons Precinct 24,296,296
COOK:7900025,COOK:Lyons Precinct 25,151,151
COOK:7900026,COOK:Lyons Precinct 26,230,230
COOK:7900027,COOK:Lyons Precinct 27,125,125
COOK:7900028,COOK:Lyons Precinct 28,232,232
COOK:7900029,COOK:Lyons Precinct 29,107,107
COOK:7900030,COOK:Lyons Precinct 30,22,22
COOK:7900031,COOK:Lyons Precinct 31,166,166
COOK:7900032,COOK:Lyons Precinct 32,63,63
COOK:7900033,COOK:Lyons Precinct 33,39,39
COOK:7900034,COOK:Lyons Precinct 34,67,67
COOK:7900035,COOK:Lyons Precinct 35,82,82
COOK:7900036,COOK:Lyons Precinct 36,181,181
COOK:7900037,COOK:Lyons Precinct 37,112,112
COOK:7900038,COOK:Lyons Precinct 38,58,58
COOK:7900039,COOK:Lyons Precinct 39,213,213
COOK:7900040,COOK:Lyons Precinct 40,269,269
COOK:7900041,COOK:Lyons Precinct 41,86,86
COOK:7900042,COOK:Lyons Precinct 42,140,140
COOK:7900043,COOK:Lyons Precinct 43,172,172
COOK:7900044,COOK:Lyons Precinct 44,241,241
COOK:7900045,COOK:Lyons Precinct 45,338,338
COOK:7900046,COOK:Lyons Precinct 46,96,96
COOK:7900047,COOK:Lyons Precinct 47,216,216
COOK:7900048,COOK:Lyons Precinct 48,121,121
COOK:7900049,COOK:Lyons Precinct 49,86,86
COOK:7900050,COOK:Lyons Precinct 50,210,210
COOK:7900051,COOK:Lyons Precinct 51,107,107
COOK:7900052,COOK:Lyons Precinct 52,203,203
COOK:7900053,COOK:Lyons Precinct 53,150,150
COOK:7900054,COOK:Lyons Precinct 54,121,121
COOK:7900055,COOK:Lyons Precinct 55,148,148
COOK:7900056,COOK:Lyons Precinct 56,176,176
COOK:7900057,COOK:Lyons Precinct 57,140,140
COOK:7900058,COOK:Lyons Precinct 58,92,92
COOK:7900059,COOK:Lyons Precinct 59,117,117
COOK:7900060,COOK:Lyons Precinct 60,190,190
COOK:7900061,COOK:Lyons Precinct 61,202,202
COOK:7900062,COOK:Lyons Precinct 62,129,129
COOK:7900063,COOK:Lyons Precinct 63,174,174
COOK:7900064,COOK:Lyons Precinct 64,142,142
COOK:7900065,COOK:Lyons Precinct 65,152,152
COOK:7900066,COOK:Lyons Precinct 66,54,54
COOK:7900067,COOK:Lyons Precinct 67,144,144
COOK:7900068,COOK:Lyons Precinct 68,106,106
COOK:7900069,COOK:Lyons Precinct 69,236,236
COOK:8000001,COOK:Maine Precinct 1,79,79
COOK:8000002,COOK:Maine Precinct 2,105,105
COOK:8000003,COOK:Maine Precinct 3,44,44
COOK:8000004,COOK:Maine Precinct 4,276,276
COOK:8000005,COOK:Maine Precinct 5,168,168
COOK:8000006,COOK:Maine Precinct 6,308,308
COOK:8000007,COOK:Maine Precinct 7,149,149
COOK:8000008,COOK:Maine Precinct 8,272,272
COOK:8000009,COOK:Maine Precinct 9,299,299
COOK:8000010,COOK:Maine Precinct 10,327,327
COOK:8000011,COOK:Maine Precinct 11,81,81
COOK:8000012,COOK:Maine Precinct 12,126,126
COOK:8000013,COOK:Maine Precinct 13,158,158
COOK:8000014,COOK:Maine Precinct 14,255,255
COOK:8000015,COOK:Maine Precinct 15,161,161
COOK:8000016,COOK:Maine Precinct 16,140,140
COOK:8000017,COOK:Maine Precinct 17,177,177
COOK:8000018,COOK:Maine Precinct 18,155,155
COOK:8000019,COOK:Maine Precinct 19,79,79
COOK:8000020,COOK:Maine Precinct 20,128,128
COOK:8000021,COOK:Maine Precinct 21,216,216
COOK:8000022,COOK:Maine Precinct 22,237,237
COOK:8000023,COOK:Maine Precinct 23,91,91
COOK:8000024,COOK:Maine Precinct 24,253,253
COOK:8000025,COOK:Maine Precinct 25,359,359
COOK:8000026,COOK:Maine Precinct 26,222,222
COOK:8000027,COOK:Maine Precinct 27,87,87
COOK:8000028,COOK:Maine Precinct 28,57,57
COOK:8000029,COOK:Maine Precinct 29,228,228
COOK:8000030,COOK:Maine Precinct 30,454,454
COOK:8000031,COOK:Maine Precinct 31,139,139
COOK:8000032,COOK:Maine Precinct 32,177,177
COOK:8000033,COOK:Maine Precinct 33,99,99
COOK:8000034,COOK:Maine Precinct 34,216,216
COOK:8000035,COOK:Maine Precinct 35,212,212
COOK:8000036,COOK:Maine Precinct 36,156,156
COOK:8000037,COOK:Maine Precinct 37,152,152
COOK:8000038,COOK:Maine Precinct 38,93,93
COOK:8000039,COOK:Maine Precinct 39,177,177
COOK:8000040,COOK:Maine Precinct 40,138,138
COOK:8000041,COOK:Maine Precinct 41,117,117
COOK:8000042,COOK:Maine Precinct 42,265,265
COOK:8000043,COOK:Maine Precinct 43,138,138
COOK:8000044,COOK:Maine Precinct 44,159,159
COOK:8000045,COOK:Maine Precinct 45,146,146
COOK:8000046,COOK:Maine Precinct 46,164,164
COOK:8000047,COOK:Maine Precinct 47,149,149
COOK:8000048,COOK:Maine Precinct 48,227,227
COOK:8000049,COOK:Maine Precinct 49,139,139
COOK:8000050,COOK:Maine Precinct 50,156,156
COOK:8000051,COOK:Maine Precinct 51,123,123
COOK:8000052,COOK:Maine Precinct 52,205,205
COOK:8000053,COOK:Maine Precinct 53,151,151
COOK:8000054,COOK:Maine Precinct 54,191,191
COOK:8000055,COOK:Maine Precinct 55,146,146
COOK:8000056,COOK:Maine Precinct 56,144,144
COOK:8000057,COOK:Maine Precinct 57,69,69
COOK:8000058,COOK:Maine Precinct 58,141,141
COOK:8000059,COOK:Maine Precinct 59,151,151
COOK:8000060,COOK:Maine Precinct 60,291,291
COOK:8000061,COOK:Maine Precinct 61,104,104
COOK:8000062,COOK:Maine Precinct 62,88,88
COOK:8000063,COOK:Maine Precinct 63,130,130
COOK:8000064,COOK:Maine Precinct 64,95,95
COOK:8000065,COOK:Maine Precinct 65,107,107
COOK:8000066,COOK:Maine Precinct 66,31,31
COOK:8000067,COOK:Maine Precinct 67,243,243
COOK:8000068,COOK:Maine Precinct 68,225,225
COOK:8000069,COOK:Maine Precinct 69,126,126
COOK:8000070,COOK:Maine Precinct 70,114,114
COOK:8000071,COOK:Maine Precinct 71,99,99
COOK:8000072,COOK:Maine Precinct 72,200,200
COOK:8000073,COOK:Maine Precinct 73,106,106
COOK:8000074,COOK:Maine Precinct 74,154,154
COOK:8000075,COOK:Maine Precinct 75,132,132
COOK:8000076,COOK:Maine Precinct 76,85,85
COOK:8000077,COOK:Maine Precinct 77,257,257
COOK:8000078,COOK:Maine Precinct 78,90,90
COOK:8000079,COOK:Maine Precinct 79,178,178
COOK:8000080,COOK:Maine Precinct 80,110,110
COOK:8000081,COOK:Maine Precinct 81,64,64
COOK:8000082,COOK:Maine Precinct 82,151,151
COOK:8000083,COOK:Maine Precinct 83,124,124
COOK:8100001,COOK:New Trier Precinct 1,308,308
COOK:8100002,COOK:New Trier Precinct 2,384,384
COOK:8100003,COOK:New Trier Precinct 3,320,320
COOK:8100004,COOK:New Trier Precinct 4,304,304
COOK:8100005,COOK:New Trier Precinct 5,214,214
COOK:8100006,COOK:New Trier Precinct 6,154,154
COOK:8100007,COOK:New Trier Precinct 7,211,211
COOK:8100008,COOK:New Trier Precinct 8,132,132
COOK:8100009,COOK:New Trier Precinct 9,213,213
COOK:8100010,COOK:New Trier Precinct 10,212,212
COOK:8100011,COOK:New Trier Precinct 11,235,235
COOK:8100012,COOK:New Trier Precinct 12,218,218
COOK:8100013,COOK:New Trier Precinct 13,357,357
COOK:8100014,COOK:New Trier Precinct 14,228,228
COOK:8100015,COOK:New Trier Precinct 15,295,295
COOK:8100016,COOK:New Trier Precinct 16,222,222
COOK:8100017,COOK:New Trier Precinct 17,317,317
COOK:8100018,COOK:New Trier Precinct 18,190,190
COOK:8100019,COOK:New Trier Precinct 19,221,221
COOK:8100020,COOK:New Trier Precinct 20,310,310
COOK:8100021,COOK:New Trier Precinct 21,360,360
COOK:8100022,COOK:New Trier Precinct 22,143,143
COOK:8100023,COOK:New Trier Precinct 23,150,150
COOK:8100024,COOK:New Trier Precinct 24,296,296
COOK:8100025,COOK:New Trier Precinct 25,207,207
COOK:8100026,COOK:New Trier Precinct 26,485,485
COOK:8100027,COOK:New Trier Precinct 27,344,344
COOK:8100028,COOK:New Trier Precinct 28,127,127
COOK:8100029,COOK:New Trier Precinct 29,197,197
COOK:8100030,COOK:New Trier Precinct 30,271,271
COOK:8100031,COOK:New Trier Precinct 31,284,284
COOK:8100032,COOK:New Trier Precinct 32,318,318
COOK:8100033,COOK:New Trier Precinct 33,422,422
COOK:8100034,COOK:New Trier Precinct 34,232,232
COOK:8100035,COOK:New Trier Precinct 35,197,197
COOK:8100036,COOK:New Trier Precinct 36,461,461
COOK:8100037,COOK:New Trier Precinct 37,372,372
COOK:8100038,COOK:New Trier Precinct 38,386,386
COOK:8100039,COOK:New Trier Precinct 39,195,195
COOK:8200001,COOK:Niles Precinct 1,251,251
COOK:8200002,COOK:Niles Precinct 2,202,202
COOK:8200003,COOK:Niles Precinct 3,312,312
COOK:8200004,COOK:Niles Precinct 4,145,145
COOK:8200005,COOK:Niles Precinct 5,134,134
COOK:8200006,COOK:Niles Precinct 6,282,282
COOK:8200007,COOK:Niles Precinct 7,329,329
COOK:8200008,COOK:Niles Precinct 8,189,189
COOK:8200009,COOK:Niles Precinct 9,148,148
COOK:8200010,COOK:Niles Precinct 10,218,218
COOK:8200011,COOK:Niles Precinct 11,121,121
COOK:8200012,COOK:Niles Precinct 12,165,165
COOK:8200013,COOK:Niles Precinct 13,179,179
COOK:8200014,COOK:Niles Precinct 14,341,341
COOK:8200015,COOK:Niles Precinct 15,285,285
COOK:8200016,COOK:Niles Precinct 16,337,337
COOK:8200017,COOK:Niles Precinct 17,361,361
COOK:8200018,COOK:Niles Precinct 18,531,531
COOK:8200019,COOK:Niles Precinct 19,340,340
COOK:8200020,COOK:Niles Precinct 20,197,197
COOK:8200021,COOK:Niles Precinct 21,541,541
COOK:8200022,COOK:Niles Precinct 22,182,182
COOK:8200023,COOK:Niles Precinct 23,309,309
COOK:8200024,COOK:Niles Precinct 24,274,274
COOK:8200025,COOK:Niles Precinct 25,129,129
COOK:8200026,COOK:Niles Precinct 26,214,214
COOK:8200027,COOK:Niles Precinct 27,138,138
COOK:8200028,COOK:Niles Precinct 28,385,385
COOK:8200029,COOK:Niles Precinct 29,258,258
COOK:8200030,COOK:Niles Precinct 30,143,143
COOK:8200031,COOK:Niles Precinct 31,355,355
COOK:8200032,COOK:Niles Precinct 32,133,133
COOK:8200033,COOK:Niles Precinct 33,339,339
COOK:8200034,COOK:Niles Precinct 34,216,216
COOK:8200035,COOK:Niles Precinct 35,276,276
COOK:8200036,COOK:Niles Precinct 36,169,169
COOK:8200037,COOK:Niles Precinct 37,247,247
COOK:8200038,COOK:Niles Precinct 38,412,412
COOK:8200039,COOK:Niles Precinct 39,294,294
COOK:8200040,COOK:Niles Precinct 40,422,422
COOK:8200041,COOK:Niles Precinct 41,276,276
COOK:8200042,COOK:Niles Precinct 42,232,232
COOK:8200043,COOK:Niles Precinct 43,230,230
COOK:8200044,COOK:Niles Precinct 44,292,292
COOK:8200045,COOK:Niles Precinct 45,238,238
COOK:8200046,COOK:Niles Precinct 46,298,298
COOK:8200047,COOK:Niles Precinct 47,189,189
COOK:8200048,COOK:Niles Precinct 48,164,164
COOK:8200049,COOK:Niles Precinct 49,482,482
COOK:8200050,COOK:Niles Precinct 50,249,249
COOK:8200051,COOK:Niles Precinct 51,126,126
COOK:8200052,COOK:Niles Precinct 52,150,150
COOK:8200053,COOK:Niles Precinct 53,371,371
COOK:8200054,COOK:Niles Precinct 54,142,142
COOK:8200055,COOK:Niles Precinct 55,187,187
COOK:8200056,COOK:Niles Precinct 56,303,303
COOK:8200057,COOK:Niles Precinct 57,267,267
COOK:8200058,COOK:Niles Precinct 58,293,293
COOK:8200059,COOK:Niles Precinct 59,351,351
COOK:8200060,COOK:Niles Precinct 60,348,348
COOK:8200061,COOK:Niles Precinct 61,307,307
COOK:8200062,COOK:Niles Precinct 62,131,131
COOK:8300001,COOK:Northfield Precinct 1,156,156
COOK:8300002,COOK:Northfield Precinct 2,224,224
COOK:8300003,COOK:Northfield Precinct 3,313,313
COOK:8300004,COOK:Northfield Precinct 4,198,198
COOK:8300005,COOK:Northfield Precinct 5,148,148
COOK:8300006,COOK:Northfield Precinct 6,231,231
COOK:8300007,COOK:Northfield Precinct 7,348,348
COOK:8300008,COOK:Northfield Precinct 8,286,286
COOK:8300009,COOK:Northfield Precinct 9,193,193
COOK:8300010,COOK:Northfield Precinct 10,197,197
COOK:8300011,COOK:Northfield Precinct 11,267,267
COOK:8300012,COOK:Northfield Precinct 12,399,399
COOK:8300013,COOK:Northfield Precinct 13,184,184
COOK:8300014,COOK:Northfield Precinct 14,203,203
COOK:8300015,COOK:Northfield Precinct 15,416,416
COOK:8300016,COOK:Northfield Precinct 16,226,226
COOK:8300017,COOK:Northfield Precinct 17,273,273
COOK:8300018,COOK:Northfield Precinct 18,314,314
COOK:8300019,COOK:Northfield Precinct 19,284,284
COOK:8300020,COOK:Northfield Precinct 20,253,253
COOK:8300021,COOK:Northfield Precinct 21,350,350
COOK:8300022,COOK:Northfield Precinct 22,242,242
COOK:8300023,COOK:Northfield Precinct 23,152,152
COOK:8300024,COOK:Northfield Precinct 24,227,227
COOK:8300025,COOK:Northfield Precinct 25,200,200
COOK:8300026,COOK:Northfield Precinct 26,227,227
COOK:8300027,COOK:Northfield Precinct 27,203,203
COOK:8300028,COOK:Northfield Precinct 28,380,380
COOK:8300029,COOK:Northfield Precinct 29,196,196
COOK:8300030,COOK:Northfield Precinct 30,285,285
COOK:8300031,COOK:Northfield Precinct 31,253,253
COOK:8300032,COOK:Northfield Precinct 32,281,281
COOK:8300033,COOK:Northfield Precinct 33,91,91
COOK:8300034,COOK:Northfield Precinct 34,196,196
COOK:8300035,COOK:Northfield Precinct 35,193,193
COOK:8300036,COOK:Northfield Precinct 36,190,190
COOK:8300037,COOK:Northfield Precinct 37,352,352
COOK:8300038,COOK:Northfield Precinct 38,194,194
COOK:8300039,COOK:Northfield Precinct 39,115,115
COOK:8300040,COOK:Northfield Precinct 40,125,125
COOK:8300041,COOK:Northfield Precinct 41,246,246
COOK:8300042,COOK:Northfield Precinct 42,202,202
COOK:8300043,COOK:Northfield Precinct 43,234,234
COOK:8300044,COOK:Northfield Precinct 44,193,193
COOK:8300045,COOK:Northfield Precinct 45,166,166
COOK:8300046,COOK:Northfield Precinct 46,250,250
COOK:8300047,COOK:Northfield Precinct 47,382,382
COOK:8300048,COOK:Northfield Precinct 48,193,193
COOK:8300049,COOK:Northfield Precinct 49,142,142
COOK:8300050,COOK:Northfield Precinct 50,208,208
COOK:8300051,COOK:Northfield Precinct 51,599,599
COOK:8300052,COOK:Northfield Precinct 52,269,269
COOK:8300053,COOK:Northfield Precinct 53,251,251
COOK:8300054,COOK:Northfield Precinct 54,386,386
COOK:8300055,COOK:Northfield Precinct 55,273,273
COOK:8300056,COOK:Northfield Precinct 56,303,303
COOK:8300057,COOK:Northfield Precinct 57,159,159
COOK:8300058,COOK:Northfield Precinct 58,97,97
COOK:8400001,COOK:Norwood Park Precinct 1,163,163
COOK:8400002,COOK:Norwood Park Precinct 2,142,142
COOK:8400003,COOK:Norwood Park Precinct 3,204,204
COOK:8400004,COOK:Norwood Park Precinct 4,109,109
COOK:8400005,COOK:Norwood Park Precinct 5,211,211
COOK:8400006,COOK:Norwood Park Precinct 6,155,155
COOK:8400007,COOK:Norwood Park Precinct 7,103,103
COOK:8400008,COOK:Norwood Park Precinct 8,59,59
COOK:8400009,COOK:Norwood Park Precinct 9,163,163
COOK:8400010,COOK:Norwood Park Precinct 10,84,84
COOK:8400011,COOK:Norwood Park Precinct 11,235,235
COOK:8400012,COOK:Norwood Park Precinct 12,144,144
COOK:8400013,COOK:Norwood Park Precinct 13,115,115
COOK:8400014,COOK:Norwood Park Precinct 14,130,130
COOK:8500001,COOK:Oak Park Precinct 1,693,693
COOK:8500002,COOK:Oak Park Precinct 2,581,581
COOK:8500003,COOK:Oak Park Precinct 3,607,607
COOK:8500004,COOK:Oak Park Precinct 4,479,479
COOK:8500005,COOK:Oak Park Precinct 5,482,482
COOK:8500006,COOK:Oak Park Precinct 6,436,436
COOK:8500007,COOK:Oak Park Precinct 7,582,582
COOK:8500008,COOK:Oak Park Precinct 8,437,437
COOK:8500009,COOK:Oak Park Precinct 9,583,583
COOK:8500010,COOK:Oak Park Precinct 10,463,463
COOK:8500011,COOK:Oak Park Precinct 11,366,366
COOK:8500012,COOK:Oak Park Precinct 12,204,204
COOK:8500013,COOK:Oak Park Precinct 13,406,406
COOK:8500014,COOK:Oak Park Precinct 14,479,479
COOK:8500015,COOK:Oak Park Precinct 15,523,523
COOK:8500016,COOK:Oak Park Precinct 16,665,665
COOK:8500017,COOK:Oak Park Precinct 17,646,646
COOK:8500018,COOK:Oak Park Precinct 18,367,367
COOK:8500019,COOK:Oak Park Precinct 19,438,438
COOK:8500020,COOK:Oak Park Precinct 20,562,562
COOK:8500021,COOK:Oak Park Precinct 21,359,359
COOK:8500022,COOK:Oak Park Precinct 22,478,478
COOK:8500023,COOK:Oak Park Precinct 23,411,411
COOK:8500024,COOK:Oak Park Precinct 24,319,319
COOK:8500025,COOK:Oak Park Precinct 25,464,464
COOK:8500026,COOK:Oak Park Precinct 26,553,553
COOK:8500027,COOK:Oak Park Precinct 27,707,707
COOK:8500028,COOK:Oak Park Precinct 28,517,517
COOK:8500029,COOK:Oak Park Precinct 29,419,419
COOK:8500030,COOK:Oak Park Precinct 30,344,344
COOK:8500031,COOK:Oak Park Precinct 31,690,690
COOK:8500032,COOK:Oak Park Precinct 32,516,516
COOK:8600001,COOK:Orland Precinct 1,220,220
COOK:8600002,COOK:Orland Precinct 2,151,151
COOK:8600003,COOK:Orland Precinct 3,172,172
COOK:8600004,COOK:Orland Precinct 4,225,225
COOK:8600005,COOK:Orland Precinct 5,152,152
COOK:8600006,COOK:Orland Precinct 6,139,139
COOK:8600007,COOK:Orland Precinct 7,144,144
COOK:8600008,COOK:Orland Precinct 8,175,175
COOK:8600009,COOK:Orland Precinct 9,231,231
COOK:8600010,COOK:Orland Precinct 10,140,140
COOK:8600011,COOK:Orland Precinct 11,131,131
COOK:8600012,COOK:Orland Precinct 12,41,41
COOK:8600013,COOK:Orland Precinct 13,187,187
COOK:8600014,COOK:Orland Precinct 14,131,131
COOK:8600015,COOK:Orland Precinct 15,155,155
COOK:8600016,COOK:Orland Precinct 16,150,150
COOK:8600017,COOK:Orland Precinct 17,94,94
COOK:8600018,COOK:Orland Precinct 18,168,168
COOK:8600019,COOK:Orland Precinct 19,94,94
COOK:8600020,COOK:Orland Precinct 20,189,189
COOK:8600021,COOK:Orland Precinct 21,170,170
COOK:8600022,COOK:Orland Precinct 22,181,181
COOK:8600023,COOK:Orland Precinct 23,222,222
COOK:8600024,COOK:Orland Precinct 24,214,214
COOK:8600025,COOK:Orland Precinct 25,198,198
COOK:8600026,COOK:Orland Precinct 26,210,210
COOK:8600027,COOK:Orland Precinct 27,146,146
COOK:8600028,COOK:Orland Precinct 28,112,112
COOK:8600029,COOK:Orland Precinct 29,233,233
COOK:8600030,COOK:Orland Precinct 30,92,92
COOK:8600031,COOK:Orland Precinct 31,88,88
COOK:8600032,COOK:Orland Precinct 32,202,202
COOK:8600033,COOK:Orland Precinct 33,209,209
COOK:8600034,COOK:Orland Precinct 34,129,129
COOK:8600035,COOK:Orland Precinct 35,229,229
COOK:8600036,COOK:Orland Precinct 36,83,83
COOK:8600037,COOK:Orland Precinct 37,139,139
COOK:8600038,COOK:Orland Precinct 38,50,50
COOK:8600039,COOK:Orland Precinct 39,106,106
COOK:8600040,COOK:Orland Precinct 40,140,140
COOK:8600041,COOK:Orland Precinct 41,98,98
COOK:8600042,COOK:Orland Precinct 42,220,220
COOK:8600043,COOK:Orland Precinct 43,92,92
COOK:8600044,COOK:Orland Precinct 44,126,126
COOK:8600045,COOK:Orland Precinct 45,202,202
COOK:8600046,COOK:Orland Precinct 46,87,87
COOK:8600047,COOK:Orland Precinct 47,178,178
COOK:8600048,COOK:Orland Precinct 48,131,131
COOK:8600049,COOK:Orland Precinct 49,189,189
COOK:8600050,COOK:Orland Precinct 50,97,97
COOK:8600051,COOK:Orland Precinct 51,159,159
COOK:8600052,COOK:Orland Precinct 52,116,116
COOK:8600053,COOK:Orland Precinct 53,132,132
COOK:8600054,COOK:Orland Precinct 54,132,132
COOK:8600055,COOK:Orland Precinct 55,104,104
COOK:8600056,COOK:Orland Precinct 56,110,110
COOK:8600057,COOK:Orland Precinct 57,129,129
COOK:8600058,COOK:Orland Precinct 58,115,115
COOK:8600059,COOK:Orland Precinct 59,141,141
COOK:8600060,COOK:Orland Precinct 60,109,109
COOK:8600061,COOK:Orland Precinct 61,118,118
COOK:8600062,COOK:Orland Precinct 62,129,129
COOK:8700001,COOK:Palatine Precinct 1,149,149
COOK:8700002,COOK:Palatine Precinct 2,272,272
COOK:8700003,COOK:Palatine Precinct 3,104,104
COOK:8700004,COOK:Palatine Precinct 4,86,86
COOK:8700005,COOK:Palatine Precinct 5,258,258
COOK:8700006,COOK:Palatine Precinct 6,239,239
COOK:8700007,COOK:Palatine Precinct 7,124,124
COOK:8700008,COOK:Palatine Precinct 8,242,242
COOK:8700009,COOK:Palatine Precinct 9,159,159
COOK:8700010,COOK:Palatine Precinct 10,149,149
COOK:8700011,COOK:Palatine Precinct 11,121,121
COOK:8700012,COOK:Palatine Precinct 12,173,173
COOK:8700013,COOK:Palatine Precinct 13,148,148
COOK:8700014,COOK:Palatine Precinct 14,178,178
COOK:8700015,COOK:Palatine Precinct 15,203,203
COOK:8700016,COOK:Palatine Precinct 16,89,89
COOK:8700017,COOK:Palatine Precinct 17,215,215
COOK:8700018,COOK:Palatine Precinct 18,275,275
COOK:8700019,COOK:Palatine Precinct 19,194,194
COOK:8700020,COOK:Palatine Precinct 20,79,79
COOK:8700021,COOK:Palatine Precinct 21,246,246
COOK:8700022,COOK:Palatine Precinct 22,174,174
COOK:8700023,COOK:Palatine Precinct 23,89,89
COOK:8700024,COOK:Palatine Precinct 24,225,225
COOK:8700025,COOK:Palatine Precinct 25,205,205
COOK:8700026,COOK:Palatine Precinct 26,226,226
COOK:8700027,COOK:Palatine Precinct 27,236,236
COOK:8700028,COOK:Palatine Precinct 28,118,118
COOK:8700029,COOK:Palatine Precinct 29,230,230
COOK:8700030,COOK:Palatine Precinct 30,124,124
COOK:8700031,COOK:Palatine Precinct 31,138,138
COOK:8700032,COOK:Palatine Precinct 32,144,144
COOK:8700033,COOK:Palatine Precinct 33,76,76
COOK:8700034,COOK:Palatine Precinct 34,195,195
COOK:8700035,COOK:Palatine Precinct 35,232,232
COOK:8700036,COOK:Palatine Precinct 36,164,164
COOK:8700037,COOK:Palatine Precinct 37,209,209
COOK:8700038,COOK:Palatine Precinct 38,251,251
COOK:8700039,COOK:Palatine Precinct 39,230,230
COOK:8700040,COOK:Palatine Precinct 40,235,235
COOK:8700041,COOK:Palatine Precinct 41,225,225
COOK:8700042,COOK:Palatine Precinct 42,246,246
COOK:8700043,COOK:Palatine Precinct 43,164,164
COOK:8700044,COOK:Palatine Precinct 44,135,135
COOK:8700045,COOK:Palatine Precinct 45,167,167
COOK:8700046,COOK:Palatine Precinct 46,213,213
COOK:8700047,COOK:Palatine Precinct 47,203,203
COOK:8700048,COOK:Palatine Precinct 48,161,161
COOK:8700049,COOK:Palatine Precinct 49,92,92
COOK:8700050,COOK:Palatine Precinct 50,237,237
COOK:8700051,COOK:Palatine Precinct 51,90,90
COOK:8700052,COOK:Palatine Precinct 52,165,165
COOK:8700053,COOK:Palatine Precinct 53,155,155
COOK:8700054,COOK:Palatine Precinct 54,271,271
COOK:8700055,COOK:Palatine Precinct 55,228,228
COOK:8700056,COOK:Palatine Precinct 56,171,171
COOK:8700057,COOK:Palatine Precinct 57,267,267
COOK:8700058,COOK:Palatine Precinct 58,148,148
COOK:8700059,COOK:Palatine Precinct 59,289,289
COOK:8700060,COOK:Palatine Precinct 60,164,164
COOK:8700061,COOK:Palatine Precinct 61,88,88
COOK:8700062,COOK:Palatine Precinct 62,178,178
COOK:8700063,COOK:Palatine Precinct 63,178,178
COOK:8700064,COOK:Palatine Precinct 64,135,135
COOK:8700065,COOK:Palatine Precinct 65,176,176
COOK:8800001,COOK:Palos Precinct 1,77,77
COOK:8800002,COOK:Palos Precinct 2,84,84
COOK:8800003,COOK:Palos Precinct 3,127,127
COOK:8800004,COOK:Palos Precinct 4,96,96
COOK:8800005,COOK:Palos Precinct 5,93,93
COOK:8800006,COOK:Palos Precinct 6,39,39
COOK:8800007,COOK:Palos Precinct 7,149,149
COOK:8800008,COOK:Palos Precinct 8,165,165
COOK:8800009,COOK:Palos Precinct 9,195,195
COOK:8800010,COOK:Palos Precinct 10,174,174
COOK:8800011,COOK:Palos Precinct 11,117,117
COOK:8800012,COOK:Palos Precinct 12,104,104
COOK:8800013,COOK:Palos Precinct 13,165,165
COOK:8800014,COOK:Palos Precinct 14,99,99
COOK:8800015,COOK:Palos Precinct 15,273,273
COOK:8800016,COOK:Palos Precinct 16,196,196
COOK:8800017,COOK:Palos Precinct 17,138,138
COOK:8800018,COOK:Palos Precinct 18,150,150
COOK:8800019,COOK:Palos Precinct 19,160,160
COOK:8800020,COOK:Palos Precinct 20,151,151
COOK:8800021,COOK:Palos Precinct 21,88,88
COOK:8800022,COOK:Palos Precinct 22,46,46
COOK:8800023,COOK:Palos Precinct 23,101,101
COOK:8800024,COOK:Palos Precinct 24,257,257
COOK:8800025,COOK:Palos Precinct 25,155,155
COOK:8800026,COOK:Palos Precinct 26,82,82
COOK:8800027,COOK:Palos Precinct 27,153,153
COOK:8800028,COOK:Palos Precinct 28,79,79
COOK:8800029,COOK:Palos Precinct 29,137,137
COOK:8800030,COOK:Palos Precinct 30,175,175
COOK:8800031,COOK:Palos Precinct 31,125,125
COOK:8800032,COOK:Palos Precinct 32,64,64
COOK:8800033,COOK:Palos Precinct 33,143,143
COOK:8800034,COOK:Palos Precinct 34,71,71
COOK:8800035,COOK:Palos Precinct 35,177,177
COOK:8900001,COOK:Proviso Precinct 1,168,168
COOK:8900002,COOK:Proviso Precinct 2,139,139
COOK:8900003,COOK:Proviso Precinct 3,245,245
COOK:8900004,COOK:Proviso Precinct 4,203,203
COOK:8900005,COOK:Proviso Precinct 5,233,233
COOK:8900006,COOK:Proviso Precinct 6,279,279
COOK:8900007,COOK:Proviso Precinct 7,86,86
COOK:8900008,COOK:Proviso Precinct 8,245,245
COOK:8900009,COOK:Proviso Precinct 9,180,180
COOK:8900010,COOK:Proviso Precinct 10,89,89
COOK:8900011,COOK:Proviso Precinct 11,118,118
COOK:8900012,COOK:Proviso Precinct 12,177,177
COOK:8900013,COOK:Proviso Precinct 13,181,181
COOK:8900014,COOK:Proviso Precinct 14,84,84
COOK:8900015,COOK:Proviso Precinct 15,107,107
COOK:8900016,COOK:Proviso Precinct 16,176,176
COOK:8900017,COOK:Proviso Precinct 17,265,265
COOK:8900018,COOK:Proviso Precinct 18,276,276
COOK:8900019,COOK:Proviso Precinct 19,255,255
COOK:8900020,COOK:Proviso Precinct 20,291,291
COOK:8900021,COOK:Proviso Precinct 21,274,274
COOK:8900022,COOK:Proviso Precinct 22,165,165
COOK:8900023,COOK:Proviso Precinct 23,299,299
COOK:8900024,COOK:Proviso Precinct 24,321,321
COOK:8900025,COOK:Proviso Precinct 25,262,262
COOK:8900026,COOK:Proviso Precinct 26,302,302
COOK:8900027,COOK:Proviso Precinct 27,249,249
COOK:8900028,COOK:Proviso Precinct 28,250,250
COOK:8900029,COOK:Proviso Precinct 29,320,320
COOK:8900030,COOK:Proviso Precinct 30,195,195
COOK:8900031,COOK:Proviso Precinct 31,97,97
COOK:8900032,COOK:Proviso Precinct 32,402,402
COOK:8900033,COOK:Proviso Precinct 33,307,307
COOK:8900034,COOK:Proviso Precinct 34,413,413
COOK:8900035,COOK:Proviso Precinct 35,288,288
COOK:8900036,COOK:Proviso Precinct 36,238,238
COOK:8900037,COOK:Proviso Precinct 37,159,159
COOK:8900038,COOK:Proviso Precinct 38,231,231
COOK:8900039,COOK:Proviso Precinct 39,295,295
COOK:8900040,COOK:Proviso Precinct 40,376,376
COOK:8900041,COOK:Proviso Precinct 41,156,156
COOK:8900042,COOK:Proviso Precinct 42,272,272
COOK:8900043,COOK:Proviso Precinct 43,148,148
COOK:8900044,COOK:Proviso Precinct 44,220,220
COOK:8900045,COOK:Proviso Precinct 45,273,273
COOK:8900046,COOK:Proviso Precinct 46,56,56
COOK:8900047,COOK:Proviso Precinct 47,185,185
COOK:8900048,COOK:Proviso Precinct 48,253,253
COOK:8900049,COOK:Proviso Precinct 49,163,163
COOK:8900050,COOK:Proviso Precinct 50,353,353
COOK:8900051,COOK:Proviso Precinct 51,235,235
COOK:8900052,COOK:Proviso Precinct 52,131,131
COOK:8900053,COOK:Proviso Precinct 53,193,193
COOK:8900054,COOK:Proviso Precinct 54,239,239
COOK:8900055,COOK:Proviso Precinct 55,257,257
COOK:8900056,COOK:Proviso Precinct 56,241,241
COOK:8900057,COOK:Proviso Precinct 57,182,182
COOK:8900058,COOK:Proviso Precinct 58,184,184
COOK:8900059,COOK:Proviso Precinct 59,168,168
COOK:8900060,COOK:Proviso Precinct 60,163,163
COOK:8900061,COOK:Proviso Precinct 61,302,302
COOK:8900062,COOK:Proviso Precinct 62,346,346
COOK:8900063,COOK:Proviso Precinct 63,299,299
COOK:8900064,COOK:Proviso Precinct 64,205,205
COOK:8900065,COOK:Proviso Precinct 65,193,193
COOK:8900066,COOK:Proviso Precinct 66,386,386
COOK:8900067,COOK:Proviso Precinct 67,404,404
COOK:8900068,COOK:Proviso Precinct 68,170,170
COOK:8900069,COOK:Proviso Precinct 69,158,158
COOK:8900070,COOK:Proviso Precinct 70,214,214
COOK:8900071,COOK:Proviso Precinct 71,348,348
COOK:8900072,COOK:Proviso Precinct 72,235,235
COOK:8900073,COOK:Proviso Precinct 73,384,384
COOK:8900074,COOK:Proviso Precinct 74,266,266
COOK:8900075,COOK:Proviso Precinct 75,232,232
COOK:8900076,COOK:Proviso Precinct 76,301,301
COOK:8900077,COOK:Proviso Precinct 77,160,160
COOK:8900078,COOK:Proviso Precinct 78,183,183
COOK:8900079,COOK:Proviso Precinct 79,225,225
COOK:8900080,COOK:Proviso Precinct 80,104,104
COOK:8900081,COOK:Proviso Precinct 81,174,174
COOK:8900082,COOK:Proviso Precinct 82,341,341
COOK:8900083,COOK:Proviso Precinct 83,416,416
COOK:8900084,COOK:Proviso Precinct 84,164,164
COOK:8900085,COOK:Proviso Precinct 85,274,274
COOK:8900086,COOK:Proviso Precinct 86,326,326
COOK:8900087,COOK:Proviso Precinct 87,164,164
COOK:8900088,COOK:Proviso Precinct 88,343,343
COOK:8900089,COOK:Proviso Precinct 89,149,149
COOK:9000001,COOK:Rich Precinct 1,1001,1001
COOK:9000002,COOK:Rich Precinct 2,626,626
COOK:9000003,COOK:Rich Precinct 3,463,463
COOK:9000004,COOK:Rich Precinct 4,287,287
COOK:9000005,COOK:Rich Precinct 5,383,383
COOK:9000006,COOK:Rich Precinct 6,435,435
COOK:9000007,COOK:Rich Precinct 7,279,279
COOK:9000008,COOK:Rich Precinct 8,334,334
COOK:9000009,COOK:Rich Precinct 9,354,354
COOK:9000010,COOK:Rich Precinct 10,230,230
COOK:9000011,COOK:Rich Precinct 11,248,248
COOK:9000012,COOK:Rich Precinct 12,290,290
COOK:9000013,COOK:Rich Precinct 13,283,283
COOK:9000014,COOK:Rich Precinct 14,50,50
COOK:9000015,COOK:Rich Precinct 15,552,552
COOK:9000016,COOK:Rich Precinct 16,144,144
COOK:9000017,COOK:Rich Precinct 17,167,167
COOK:9000018,COOK:Rich Precinct 18,303,303
COOK:9000019,COOK:Rich Precinct 19,147,147
COOK:9000020,COOK:Rich Precinct 20,328,328
COOK:9000021,COOK:Rich Precinct 21,279,279
COOK:9000022,COOK:Rich Precinct 22,180,180
COOK:9000023,COOK:Rich Precinct 23,412,412
COOK:9000024,COOK:Rich Precinct 24,263,263
COOK:9000025,COOK:Rich Precinct 25,412,412
COOK:9000026,COOK:Rich Precinct 26,293,293
COOK:9000027,COOK:Rich Precinct 27,289,289
COOK:9000028,COOK:Rich Precinct 28,453,453
COOK:9000029,COOK:Rich Precinct 29,279,279
COOK:9000030,COOK:Rich Precinct 30,374,374
COOK:9000031,COOK:Rich Precinct 31,256,256
COOK:9000032,COOK:Rich Precinct 32,312,312
COOK:9000033,COOK:Rich Precinct 33,266,266
COOK:9000034,COOK:Rich Precinct 34,311,311
COOK:9000035,COOK:Rich Precinct 35,283,283
COOK:9000036,COOK:Rich Precinct 36,795,795
COOK:9000037,COOK:Rich Precinct 37,290,290
COOK:9000038,COOK:Rich Precinct 38,250,250
COOK:9000039,COOK:Rich Precinct 39,375,375
COOK:9000040,COOK:Rich Precinct 40,254,254
COOK:9000041,COOK:Rich Precinct 41,225,225
COOK:9000042,COOK:Rich Precinct 42,240,240
COOK:9000043,COOK:Rich Precinct 43,291,291
COOK:9000044,COOK:Rich Precinct 44,219,219
COOK:9000045,COOK:Rich Precinct 45,449,449
COOK:9000046,COOK:Rich Precinct 46,369,369
COOK:9000047,COOK:Rich Precinct 47,485,485
COOK:9100001,COOK:River Forest Precinct 1,291,291
COOK:9100002,COOK:River Forest Precinct 2,467,467
COOK:9100003,COOK:River Forest Precinct 3,280,280
COOK:9100004,COOK:River Forest Precinct 4,331,331
COOK:9100005,COOK:River Forest Precinct 5,394,394
COOK:9100006,COOK:River Forest Precinct 6,166,166
COOK:9100007,COOK:River Forest Precinct 7,316,316
COOK:9200001,COOK:Riverside Precinct 1,224,224
COOK:9200002,COOK:Riverside Precinct 2,14,14
COOK:9200003,COOK:Riverside Precinct 3,181,181
COOK:9200004,COOK:Riverside Precinct 4,304,304
COOK:9200005,COOK:Riverside Precinct 5,147,147
COOK:9200006,COOK:Riverside Precinct 6,299,299
COOK:9200007,COOK:Riverside Precinct 7,124,124
COOK:9200008,COOK:Riverside Precinct 8,287,287
COOK:9200009,COOK:Riverside Precinct 9,211,211
COOK:9200010,COOK:Riverside Precinct 10,285,285
COOK:9200011,COOK:Riverside Precinct 11,258,258
COOK:9200012,COOK:Riverside Precinct 12,228,228
COOK:9300001,COOK:Schaumburg Precinct 1,335,335
COOK:9300002,COOK:Schaumburg Precinct 2,223,223
COOK:9300003,COOK:Schaumburg Precinct 3,264,264
COOK:9300004,COOK:Schaumburg Precinct 4,114,114
COOK:9300005,COOK:Schaumburg Precinct 5,173,173
COOK:9300006,COOK:Schaumburg Precinct 6,235,235
COOK:9300007,COOK:Schaumburg Precinct 7,123,123
COOK:9300008,COOK:Schaumburg Precinct 8,137,137
COOK:9300009,COOK:Schaumburg Precinct 9,153,153
COOK:9300010,COOK:Schaumburg Precinct 10,96,96
COOK:9300011,COOK:Schaumburg Precinct 11,139,139
COOK:9300012,COOK:Schaumburg Precinct 12,186,186
COOK:9300013,COOK:Schaumburg Precinct 13,148,148
COOK:9300014,COOK:Schaumburg Precinct 14,282,282
COOK:9300015,COOK:Schaumburg Precinct 15,176,176
COOK:9300016,COOK:Schaumburg Precinct 16,157,157
COOK:9300017,COOK:Schaumburg Precinct 17,227,227
COOK:9300018,COOK:Schaumburg Precinct 18,235,235
COOK:9300019,COOK:Schaumburg Precinct 19,158,158
COOK:9300020,COOK:Schaumburg Precinct 20,281,281
COOK:9300021,COOK:Schaumburg Precinct 21,259,259
COOK:9300022,COOK:Schaumburg Precinct 22,210,210
COOK:9300023,COOK:Schaumburg Precinct 23,192,192
COOK:9300024,COOK:Schaumburg Precinct 24,205,205
COOK:9300025,COOK:Schaumburg Precinct 25,164,164
COOK:9300026,COOK:Schaumburg Precinct 26,179,179
COOK:9300027,COOK:Schaumburg Precinct 27,201,201
COOK:9300028,COOK:Schaumburg Precinct 28,215,215
COOK:9300029,COOK:Schaumburg Precinct 29,225,225
COOK:9300030,COOK:Schaumburg Precinct 30,196,196
COOK:9300031,COOK:Schaumburg Precinct 31,277,277
COOK:9300032,COOK:Schaumburg Precinct 32,221,221
COOK:9300033,COOK:Schaumburg Precinct 33,292,292
COOK:9300034,COOK:Schaumburg Precinct 34,182,182
COOK:9300035,COOK:Schaumburg Precinct 35,163,163
COOK:9300036,COOK:Schaumburg Precinct 36,309,309
COOK:9300037,COOK:Schaumburg Precinct 37,143,143
COOK:9300038,COOK:Schaumburg Precinct 38,249,249
COOK:9300039,COOK:Schaumburg Precinct 39,292,292
COOK:9300040,COOK:Schaumburg Precinct 40,177,177
COOK:9300041,COOK:Schaumburg Precinct 41,238,238
COOK:9300042,COOK:Schaumburg Precinct 42,199,199
COOK:9300043,COOK:Schaumburg Precinct 43,190,190
COOK:9300044,COOK:Schaumburg Precinct 44,223,223
COOK:9300045,COOK:Schaumburg Precinct 45,150,150
COOK:9300046,COOK:Schaumburg Precinct 46,125,125
COOK:9300047,COOK:Schaumburg Precinct 47,163,163
COOK:9300048,COOK:Schaumburg Precinct 48,134,134
COOK:9300049,COOK:Schaumburg Precinct 49,110,110
COOK:9300050,COOK:Schaumburg Precinct 50,130,130
COOK:9300051,COOK:Schaumburg Precinct 51,164,164
COOK:9300052,COOK:Schaumburg Precinct 52,226,226
COOK:9300053,COOK:Schaumburg Precinct 53,183,183
COOK:9300054,COOK:Schaumburg Precinct 54,151,151
COOK:9300055,COOK:Schaumburg Precinct 55,282,282
COOK:9300056,COOK:Schaumburg Precinct 56,201,201
COOK:9300057,COOK:Schaumburg Precinct 57,180,180
COOK:9300058,COOK:Schaumburg Precinct 58,103,103
COOK:9300059,COOK:Schaumburg Precinct 59,212,212
COOK:9300060,COOK:Schaumburg Precinct 60,185,185
COOK:9300061,COOK:Schaumburg Precinct 61,257,257
COOK:9300062,COOK:Schaumburg Precinct 62,204,204
COOK:9300063,COOK:Schaumburg Precinct 63,244,244
COOK:9300064,COOK:Schaumburg Precinct 64,152,152
COOK:9300065,COOK:Schaumburg Precinct 65,173,173
COOK:9300066,COOK:Schaumburg Precinct 66,244,244
COOK:9300067,COOK:Schaumburg Precinct 67,258,258
COOK:9300068,COOK:Schaumburg Precinct 68,168,168
COOK:9300069,COOK:Schaumburg Precinct 69,122,122
COOK:9400001,COOK:Stickney Precinct 1,60,60
COOK:9400002,COOK:Stickney Precinct 2,111,111
COOK:9400003,COOK:Stickney Precinct 3,188,188
COOK:9400004,COOK:Stickney Precinct 4,113,113
COOK:9400005,COOK:Stickney Precinct 5,153,153
COOK:9400006,COOK:Stickney Precinct 6,163,163
COOK:9400007,COOK:Stickney Precinct 7,79,79
COOK:9400008,COOK:Stickney Precinct 8,102,102
COOK:9400009,COOK:Stickney Precinct 9,99,99
COOK:9400010,COOK:Stickney Precinct 10,138,138
COOK:9400011,COOK:Stickney Precinct 11,122,122
COOK:7200057,COOK:Stickney Precinct 12,115,115
COOK:9400013,COOK:Stickney Precinct 13,97,97
COOK:9400014,COOK:Stickney Precinct 14,149,149
COOK:9400015,COOK:Stickney Precinct 15,161,161
COOK:9400016,COOK:Stickney Precinct 16,165,165
COOK:9400017,COOK:Stickney Precinct 17,100,100
COOK:9400018,COOK:Stickney Precinct 18,47,47
COOK:9400019,COOK:Stickney Precinct 19,103,103
COOK:9400020,COOK:Stickney Precinct 20,86,86
COOK:9500001,COOK:Thornton Precinct 1,196,196
COOK:9500002,COOK:Thornton Precinct 2,84,84
COOK:9500003,COOK:Thornton Precinct 3,277,277
COOK:9500004,COOK:Thornton Precinct 4,249,249
COOK:9500005,COOK:Thornton Precinct 5,84,84
COOK:9500006,COOK:Thornton Precinct 6,301,301
COOK:9500007,COOK:Thornton Precinct 7,250,250
COOK:9500008,COOK:Thornton Precinct 8,187,187
COOK:9500009,COOK:Thornton Precinct 9,144,144
COOK:9500010,COOK:Thornton Precinct 10,272,272
COOK:9500011,COOK:Thornton Precinct 11,209,209
COOK:9500012,COOK:Thornton Precinct 12,200,200
COOK:9500013,COOK:Thornton Precinct 13,261,261
COOK:9500014,COOK:Thornton Precinct 14,165,165
COOK:9500015,COOK:Thornton Precinct 15,166,166
COOK:9500016,COOK:Thornton Precinct 16,170,170
COOK:9500017,COOK:Thornton Precinct 17,179,179
COOK:9500018,COOK:Thornton Precinct 18,216,216
COOK:9500019,COOK:Thornton Precinct 19,187,187
COOK:9500020,COOK:Thornton Precinct 20,107,107
COOK:9500021,COOK:Thornton Precinct 21,311,311
COOK:9500022,COOK:Thornton Precinct 22,199,199
COOK:9500023,COOK:Thornton Precinct 23,206,206
COOK:9500024,COOK:Thornton Precinct 24,257,257
COOK:9500025,COOK:Thornton Precinct 25,222,222
COOK:9500026,COOK:Thornton Precinct 26,145,145
COOK:9500027,COOK:Thornton Precinct 27,347,347
COOK:9500028,COOK:Thornton Precinct 28,96,96
COOK:9500029,COOK:Thornton Precinct 29,209,209
COOK:9500030,COOK:Thornton Precinct 30,90,90
COOK:9500031,COOK:Thornton Precinct 31,94,94
COOK:9500032,COOK:Thornton Precinct 32,116,116
COOK:9500033,COOK:Thornton Precinct 33,181,181
COOK:9500034,COOK:Thornton Precinct 34,290,290
COOK:9500035,COOK:Thornton Precinct 35,334,334
COOK:9500036,COOK:Thornton Precinct 36,122,122
COOK:9500037,COOK:Thornton Precinct 37,212,212
COOK:9500038,COOK:Thornton Precinct 38,253,253
COOK:9500039,COOK:Thornton Precinct 39,283,283
COOK:9500040,COOK:Thornton Precinct 40,129,129
COOK:9500041,COOK:Thornton Precinct 41,121,121
COOK:9500042,COOK:Thornton Precinct 42,385,385
COOK:9500043,COOK:Thornton Precinct 43,239,239
COOK:9500044,COOK:Thornton Precinct 44,103,103
COOK:9500045,COOK:Thornton Precinct 45,290,290
COOK:9500046,COOK:Thornton Precinct 46,306,306
COOK:9500047,COOK:Thornton Precinct 47,167,167
COOK:9500048,COOK:Thornton Precinct 48,260,260
COOK:9500049,COOK:Thornton Precinct 49,197,197
COOK:9500050,COOK:Thornton Precinct 50,275,275
COOK:9500051,COOK:Thornton Precinct 51,130,130
COOK:9500052,COOK:Thornton Precinct 52,177,177
COOK:9500053,COOK:Thornton Precinct 53,290,290
COOK:9500054,COOK:Thornton Precinct 54,354,354
COOK:9500055,COOK:Thornton Precinct 55,157,157
COOK:9500056,COOK:Thornton Precinct 56,200,200
COOK:9500057,COOK:Thornton Precinct 57,311,311
COOK:9500058,COOK:Thornton Precinct 58,262,262
COOK:9500059,COOK:Thornton Precinct 59,105,105
COOK:9500060,COOK:Thornton Precinct 60,95,95
COOK:9500061,COOK:Thornton Precinct 61,149,149
COOK:9500062,COOK:Thornton Precinct 62,44,44
COOK:9500063,COOK:Thornton Precinct 63,89,89
COOK:9500064,COOK:Thornton Precinct 64,217,217
COOK:9500065,COOK:Thornton Precinct 65,186,186
COOK:9500066,COOK:Thornton Precinct 66,369,369
COOK:9500067,COOK:Thornton Precinct 67,277,277
COOK:9500068,COOK:Thornton Precinct 68,164,164
COOK:9500069,COOK:Thornton Precinct 69,228,228
COOK:9500070,COOK:Thornton Precinct 70,88,88
COOK:9500071,COOK:Thornton Precinct 71,216,216
COOK:9500072,COOK:Thornton Precinct 72,197,197
COOK:9500073,COOK:Thornton Precinct 73,288,288
COOK:9500074,COOK:Thornton Precinct 74,179,179
COOK:9500075,COOK:Thornton Precinct 75,317,317
COOK:9500076,COOK:Thornton Precinct 76,253,253
COOK:9500077,COOK:Thornton Precinct 77,305,305
COOK:9500078,COOK:Thornton Precinct 78,202,202
COOK:9500079,COOK:Thornton Precinct 79,252,252
COOK:9500080,COOK:Thornton Precinct 80,240,240
COOK:9500081,COOK:Thornton Precinct 81,389,389
COOK:9500082,COOK:Thornton Precinct 82,123,123
COOK:9500083,COOK:Thornton Precinct 83,272,272
COOK:9500084,COOK:Thornton Precinct 84,273,273
COOK:9500085,COOK:Thornton Precinct 85,236,236
COOK:9500086,COOK:Thornton Precinct 86,181,181
COOK:9500087,COOK:Thornton Precinct 87,319,319
COOK:9500088,COOK:Thornton Precinct 88,88,88
COOK:9500089,COOK:Thornton Precinct 89,290,290
COOK:9500090,COOK:Thornton Precinct 90,220,220
COOK:9500091,COOK:Thornton Precinct 91,227,227
COOK:9500092,COOK:Thornton Precinct 92,403,403
COOK:9500093,COOK:Thornton Precinct 93,77,77
COOK:9500094,COOK:Thornton Precinct 94,262,262
COOK:9500095,COOK:Thornton Precinct 95,98,98
COOK:9500096,COOK:Thornton Precinct 96,100,100
COOK:9500097,COOK:Thornton Precinct 97,91,91
COOK:9500098,COOK:Thornton Precinct 98,66,66
COOK:9500099,COOK:Thornton Precinct 99,96,96
COOK:9500100,COOK:Thornton Precinct 100,83,83
COOK:9500101,COOK:Thornton Precinct 101,246,246
COOK:9500102,COOK:Thornton Precinct 102,108,108
COOK:9500103,COOK:Thornton Precinct 103,152,152
COOK:9500104,COOK:Thornton Precinct 104,407,407
COOK:9600001,COOK:Wheeling Precinct 1,323,323
COOK:9600002,COOK:Wheeling Precinct 2,292,292
COOK:9600003,COOK:Wheeling Precinct 3,178,178
COOK:9600004,COOK:Wheeling Precinct 4,265,265
COOK:9600005,COOK:Wheeling Precinct 5,189,189
COOK:9600006,COOK:Wheeling Precinct 6,128,128
COOK:9600007,COOK:Wheeling Precinct 7,277,277
COOK:9600008,COOK:Wheeling Precinct 8,261,261
COOK:9600009,COOK:Wheeling Precinct 9,102,102
COOK:9600010,COOK:Wheeling Precinct 10,238,238
COOK:9600011,COOK:Wheeling Precinct 11,193,193
COOK:9600012,COOK:Wheeling Precinct 12,199,199
COOK:9600013,COOK:Wheeling Precinct 13,232,232
COOK:9600014,COOK:Wheeling Precinct 14,159,159
COOK:9600015,COOK:Wheeling Precinct 15,173,173
COOK:9600016,COOK:Wheeling Precinct 16,60,60
COOK:9600017,COOK:Wheeling Precinct 17,133,133
COOK:9600018,COOK:Wheeling Precinct 18,178,178
COOK:9600019,COOK:Wheeling Precinct 19,279,279
COOK:9600020,COOK:Wheeling Precinct 20,227,227
COOK:9600021,COOK:Wheeling Precinct 21,263,263
COOK:9600022,COOK:Wheeling Precinct 22,225,225
COOK:9600023,COOK:Wheeling Precinct 23,147,147
COOK:9600024,COOK:Wheeling Precinct 24,322,322
COOK:9600025,COOK:Wheeling Precinct 25,248,248
COOK:9600026,COOK:Wheeling Precinct 26,262,262
COOK:9600027,COOK:Wheeling Precinct 27,296,296
COOK:9600028,COOK:Wheeling Precinct 28,262,262
COOK:9600029,COOK:Wheeling Precinct 29,114,114
COOK:9600030,COOK:Wheeling Precinct 30,252,252
COOK:9600031,COOK:Wheeling Precinct 31,312,312
COOK:9600032,COOK:Wheeling Precinct 32,197,197
COOK:9600033,COOK:Wheeling Precinct 33,146,146
COOK:9600034,COOK:Wheeling Precinct 34,293,293
COOK:9600035,COOK:Wheeling Precinct 35,167,167
COOK:9600036,COOK:Wheeling Precinct 36,269,269
COOK:9600037,COOK:Wheeling Precinct 37,170,170
COOK:9600038,COOK:Wheeling Precinct 38,228,228
COOK:9600039,COOK:Wheeling Precinct 39,199,199
COOK:9600040,COOK:Wheeling Precinct 40,300,300
COOK:9600041,COOK:Wheeling Precinct 41,286,286
COOK:9600042,COOK:Wheeling Precinct 42,191,191
COOK:9600043,COOK:Wheeling Precinct 43,134,134
COOK:9600044,COOK:Wheeling Precinct 44,201,201
COOK:9600045,COOK:Wheeling Precinct 45,171,171
COOK:9600046,COOK:Wheeling Precinct 46,261,261
COOK:9600047,COOK:Wheeling Precinct 47,167,167
COOK:9600048,COOK:Wheeling Precinct 48,150,150
COOK:9600049,COOK:Wheeling Precinct 49,220,220
COOK:9600050,COOK:Wheeling Precinct 50,138,138
COOK:9600051,COOK:Wheeling Precinct 51,202,202
COOK:9600052,COOK:Wheeling Precinct 52,354,354
COOK:9600053,COOK:Wheeling Precinct 53,200,200
COOK:9600054,COOK:Wheeling Precinct 54,184,184
COOK:9600055,COOK:Wheeling Precinct 55,204,204
COOK:9600056,COOK:Wheeling Precinct 56,145,145
COOK:9600057,COOK:Wheeling Precinct 57,268,268
COOK:9600058,COOK:Wheeling Precinct 58,170,170
COOK:9600059,COOK:Wheeling Precinct 59,208,208
COOK:9600060,COOK:Wheeling Precinct 60,239,239
COOK:9600061,COOK:Wheeling Precinct 61,239,239
COOK:9600062,COOK:Wheeling Precinct 62,216,216
COOK:9600063,COOK:Wheeling Precinct 63,112,112
COOK:9600064,COOK:Wheeling Precinct 64,218,218
COOK:9600065,COOK:Wheeling Precinct 65,247,247
COOK:9600066,COOK:Wheeling Precinct 66,251,251
COOK:9600067,COOK:Wheeling Precinct 67,135,135
COOK:9600068,COOK:Wheeling Precinct 68,187,187
COOK:9600069,COOK:Wheeling Precinct 69,326,326
COOK:9600070,COOK:Wheeling Precinct 70,298,298
COOK:9600071,COOK:Wheeling Precinct 71,283,283
COOK:9600072,COOK:Wheeling Precinct 72,146,146
COOK:9600073,COOK:Wheeling Precinct 73,189,189
COOK:9600074,COOK:Wheeling Precinct 74,216,216
COOK:9600075,COOK:Wheeling Precinct 75,183,183
COOK:9600076,COOK:Wheeling Precinct 76,210,210
COOK:9600077,COOK:Wheeling Precinct 77,79,79
COOK:9600078,COOK:Wheeling Precinct 78,282,282
COOK:9600079,COOK:Wheeling Precinct 79,154,154
COOK:9600080,COOK:Wheeling Precinct 80,112,112
COOK:9600081,COOK:Wheeling Precinct 81,170,170
COOK:9700001,COOK:Worth Precinct 1,58,58
COOK:9700002,COOK:Worth Precinct 2,145,145
COOK:9700003,COOK:Worth Precinct 3,164,164
COOK:9700004,COOK:Worth Precinct 4,186,186
COOK:9700005,COOK:Worth Precinct 5,255,255
COOK:9700006,COOK:Worth Precinct 6,122,122
COOK:9700007,COOK:Worth Precinct 7,242,242
COOK:9700008,COOK:Worth Precinct 8,158,158
COOK:9700009,COOK:Worth Precinct 9,161,161
COOK:9700010,COOK:Worth Precinct 10,276,276
COOK:9700011,COOK:Worth Precinct 11,164,164
COOK:9700012,COOK:Worth Precinct 12,101,101
COOK:9700013,COOK:Worth Precinct 13,215,215
COOK:9700014,COOK:Worth Precinct 14,179,179
COOK:9700015,COOK:Worth Precinct 15,204,204
COOK:9700016,COOK:Worth Precinct 16,154,154
COOK:9700017,COOK:Worth Precinct 17,181,181
COOK:9700018,COOK:Worth Precinct 18,139,139
COOK:9700019,COOK:Worth Precinct 19,189,189
COOK:9700020,COOK:Worth Precinct 20,100,100
COOK:9700021,COOK:Worth Precinct 21,193,193
COOK:9700022,COOK:Worth Precinct 22,121,121
COOK:9700023,COOK:Worth Precinct 23,182,182
COOK:9700024,COOK:Worth Precinct 24,80,80
COOK:9700025,COOK:Worth Precinct 25,176,176
COOK:9700026,COOK:Worth Precinct 26,134,134
COOK:9700027,COOK:Worth Precinct 27,135,135
COOK:9700028,COOK:Worth Precinct 28,115,115
COOK:9700029,COOK:Worth Precinct 29,181,181
COOK:9700030,COOK:Worth Precinct 30,203,203
COOK:9700031,COOK:Worth Precinct 31,242,242
COOK:9700032,COOK:Worth Precinct 32,263,263
COOK:9700033,COOK:Worth Precinct 33,154,154
COOK:9700034,COOK:Worth Precinct 34,133,133
COOK:9700035,COOK:Worth Precinct 35,233,233
COOK:9700036,COOK:Worth Precinct 36,188,188
COOK:9700037,COOK:Worth Precinct 37,376,376
COOK:9700038,COOK:Worth Precinct 38,208,208
COOK:9700039,COOK:Worth Precinct 39,165,165
COOK:9700040,COOK:Worth Precinct 40,203,203
COOK:9700041,COOK:Worth Precinct 41,262,262
COOK:9700042,COOK:Worth Precinct 42,146,146
COOK:9700043,COOK:Worth Precinct 43,103,103
COOK:9700044,COOK:Worth Precinct 44,171,171
COOK:9700045,COOK:Worth Precinct 45,334,334
COOK:9700046,COOK:Worth Precinct 46,190,190
COOK:9700047,COOK:Worth Precinct 47,148,148
COOK:9700048,COOK:Worth Precinct 48,112,112
COOK:9700049,COOK:Worth Precinct 49,162,162
COOK:9700050,COOK:Worth Precinct 50,183,183
COOK:9700051,COOK:Worth Precinct 51,71,71
COOK:9700052,COOK:Worth Precinct 52,297,297
COOK:9700053,COOK:Worth Precinct 53,224,224
COOK:9700054,COOK:Worth Precinct 54,190,190
COOK:9700055,COOK:Worth Precinct 55,66,66
COOK:9700056,COOK:Worth Precinct 56,229,229
COOK:9700057,COOK:Worth Precinct 57,217,217
COOK:9700058,COOK:Worth Precinct 58,237,237
COOK:9700059,COOK:Worth Precinct 59,313,313
COOK:9700060,COOK:Worth Precinct 60,77,77
COOK:9700061,COOK:Worth Precinct 61,112,112
COOK:9700062,COOK:Worth Precinct 62,256,256
COOK:9700063,COOK:Worth Precinct 63,260,260
COOK:9700064,COOK:Worth Precinct 64,158,158
COOK:9700065,COOK:Worth Precinct 65,183,183
COOK:9700066,COOK:Worth Precinct 66,177,177
COOK:9700067,COOK:Worth Precinct 67,153,153
COOK:9700068,COOK:Worth Precinct 68,168,168
COOK:9700069,COOK:Worth Precinct 69,252,252
COOK:9700070,COOK:Worth Precinct 70,167,167
COOK:9700071,COOK:Worth Precinct 71,86,86
COOK:9700072,COOK:Worth Precinct 72,154,154
COOK:9700073,COOK:Worth Precinct 73,198,198
COOK:9700074,COOK:Worth Precinct 74,215,215
COOK:9700075,COOK:Worth Precinct 75,181,181
COOK:9700076,COOK:Worth Precinct 76,188,188
COOK:9700077,COOK:Worth Precinct 77,115,115
COOK:9700078,COOK:Worth Precinct 78,164,164
COOK:9700079,COOK:Worth Precinct 79,164,164
COOK:9700080,COOK:Worth Precinct 80,212,212
COOK:9700081,COOK:Worth Precinct 81,62,62
COOK:9700082,COOK:Worth Precinct 82,185,185
,COOK:Suburban Cook County,300222,300222
